input_flag,logtostderr,False
input_flag,alsologtostderr,False
input_flag,log_dir,/coc/scratch/epinto6/erdos-scheduling-simulator/sosp25/output/dsched-after-dynamic-discretization
input_flag,v,0
input_flag,verbosity,0
input_flag,logger_levels,{}
input_flag,stderrthreshold,fatal
input_flag,showprefixforinfo,True
input_flag,run_with_pdb,False
input_flag,pdb_post_mortem,False
input_flag,pdb,False
input_flag,run_with_profiling,False
input_flag,profile_file,None
input_flag,use_cprofile_for_profiling,True
input_flag,only_check_args,False
input_flag,execution_mode,json
input_flag,replay_trace,pylot
input_flag,log,dsched-after-dynamic-discretization.log
input_flag,log_file_name,dsched-after-dynamic-discretization.log
input_flag,log_file_mode,write
input_flag,csv,dsched-after-dynamic-discretization.csv
input_flag,csv_file_name,dsched-after-dynamic-discretization.csv
input_flag,log_graphs,False
input_flag,log_level,debug
input_flag,workload_profile_path,./profiles/workload/dsched_sosp_example.yaml
input_flag,workload_profile_paths,[]
input_flag,workload_profile_path_labels,[]
input_flag,worker_profile_path,./profiles/workers/dsched_sosp_example.yaml
input_flag,stats,False
input_flag,dry_run,False
input_flag,slo_ramp_up_clip,0
input_flag,slo_ramp_down_clip,0
input_flag,loop_timeout,9223372036854775807
input_flag,random_seed,2848484342071502622
input_flag,resolve_conditionals_at_submission,False
input_flag,drop_skipped_tasks,True
input_flag,workload_update_interval,-1
input_flag,orchestrated,False
input_flag,min_placement_push_duration,1
input_flag,benchmark_task_runtime,15000
input_flag,benchmark_task_deadline,500000
input_flag,benchmark_num_gpus,2
input_flag,benchmark_num_cpus,10
input_flag,tpch_query_dag_spec,./profiles/workload/tpch/queries.yaml
input_flag,tpch_profile_type,Cloudlab
input_flag,tpch_dataset_size,50
input_flag,tpch_max_executors_per_job,50
input_flag,tpch_min_task_runtime,8
input_flag,tpch_query_partitioning,
input_flag,alibaba_loader_task_cpu_multiplier,1
input_flag,alibaba_loader_task_cpu_divisor,25
input_flag,alibaba_bump_resources_of_low_duration_task,False
input_flag,alibaba_loader_task_cpu_usage_random,False
input_flag,alibaba_loader_task_cpu_usage_min,0
input_flag,alibaba_loader_task_cpu_usage_max,9223372036854775807
input_flag,alibaba_task_duration_multiplier,1.0
input_flag,alibaba_loader_min_critical_path_runtimes,[]
input_flag,alibaba_loader_max_critical_path_runtimes,[]
input_flag,alibaba_enable_heterogeneous_resource_type,False
input_flag,alibaba_dump_filtered_dags,False
input_flag,max,None
input_flag,max_timestamp,None
input_flag,use_end_to_end_deadlines,False
input_flag,use_branch_predicated_deadlines,False
input_flag,min_deadline,0
input_flag,min_deadline_variance,0
input_flag,min_deadline_variances,[]
input_flag,max_deadline,9223372036854775807
input_flag,max_deadline_variance,20
input_flag,max_deadline_variances,[]
input_flag,runtime_variance,0
input_flag,timestamp_difference,-1
input_flag,synchronize_sensors,False
input_flag,release_taskgraphs,True
input_flag,scheduler,TetriSched
input_flag,verify_schedule,False
input_flag,preemption,False
input_flag,retract_schedules,True
input_flag,scheduler_runtime,0
input_flag,scheduler_frequency,-1
input_flag,scheduler_run_at_worker_free,False
input_flag,scheduler_adaptive_discretization,False
input_flag,finer_discretization_at_prev_solution,False
input_flag,finer_discretization_window,5
input_flag,scheduler_max_time_discretization,5
input_flag,scheduler_max_occupancy_threshold,0.8
input_flag,scheduler_delay,0
input_flag,scheduler_lookahead,0
input_flag,scheduler_plan_ahead,-1
input_flag,scheduler_plan_ahead_no_consideration_gap,0
input_flag,scheduler_time_discretization,1
input_flag,scheduler_policy,worst
input_flag,branch_prediction_accuracy,0.5
input_flag,enforce_deadlines,True
input_flag,ilp_goal,max_goodput
input_flag,clockwork_goal,clockwork
input_flag,scheduler_time_limit,-1
input_flag,scheduler_log_to_file,True
input_flag,decompose_deadlines,False
input_flag,scheduler_log_times,[]
input_flag,scheduler_run_load,False
input_flag,scheduler_enable_batching,False
input_flag,scheduler_selective_rescheduling,False
input_flag,scheduler_selective_rescheduling_sample_size,5
input_flag,scheduler_reconsideration_period,0.1
input_flag,opt_passes,['CRITICAL_PATH_PASS', 'DYNAMIC_DISCRETIZATION_PASS']
input_flag,randomize_start_time_min,0
input_flag,randomize_start_time_max,0
input_flag,override_release_policy,fixed
input_flag,override_release_policies,[]
input_flag,override_num_invocation,0
input_flag,override_num_invocations,[]
input_flag,override_poisson_arrival_rate,0.0
input_flag,override_poisson_arrival_rates,[]
input_flag,override_base_arrival_rate,0.0
input_flag,override_gamma_coefficient,0.0
input_flag,override_arrival_period,0
input_flag,override_slo,-1
input_flag,unique_work_profiles,False
input_flag,replication_factor,1
input_flag,?,False
input_flag,help,False
input_flag,helpshort,False
input_flag,helpfull,False
input_flag,helpxml,False
0,WORKER_POOL,WorkerPool_1,d866c063-5c89-4b8d-bf92-43bfb29bac50,Slot_1,41cfc91b-b9b8-4356-9c94-7e3bc88ec271,3,Slot_2,41cbb723-1cae-4d54-a990-3d8f28aa310e,2
0,WORKER_POOL_UTILIZATION,d866c063-5c89-4b8d-bf92-43bfb29bac50,Slot_2,0,2
0,WORKER_POOL_UTILIZATION,d866c063-5c89-4b8d-bf92-43bfb29bac50,Slot_1,0,3
0,SIMULATOR_START
0,UPDATE_WORKLOAD,1,1
0,TASK_GRAPH_RELEASE,0,6,Example@0,3,6
0,TASK_RELEASE,T1,0,0,0,6,38c7852c-1095-4cd7-8b30-5a439cb83321,Example@0,3,Slot_1,any,3
0,SCHEDULER_START,3,0
0,WORKER_POOL_UTILIZATION,d866c063-5c89-4b8d-bf92-43bfb29bac50,Slot_2,0,2
0,WORKER_POOL_UTILIZATION,d866c063-5c89-4b8d-bf92-43bfb29bac50,Slot_1,0,3
input_flag,logtostderr,False
input_flag,alsologtostderr,False
input_flag,log_dir,/coc/scratch/epinto6/erdos-scheduling-simulator/sosp25/output/dsched-after-dynamic-discretization
input_flag,v,0
input_flag,verbosity,0
input_flag,logger_levels,{}
input_flag,stderrthreshold,fatal
input_flag,showprefixforinfo,True
input_flag,run_with_pdb,False
input_flag,pdb_post_mortem,False
input_flag,pdb,False
input_flag,run_with_profiling,False
input_flag,profile_file,None
input_flag,use_cprofile_for_profiling,True
input_flag,only_check_args,False
input_flag,execution_mode,json
input_flag,replay_trace,pylot
input_flag,log,dsched-after-dynamic-discretization.log
input_flag,log_file_name,dsched-after-dynamic-discretization.log
input_flag,log_file_mode,write
input_flag,csv,dsched-after-dynamic-discretization.csv
input_flag,csv_file_name,dsched-after-dynamic-discretization.csv
input_flag,log_graphs,False
input_flag,log_level,debug
input_flag,workload_profile_path,./profiles/workload/dsched_sosp_example.yaml
input_flag,workload_profile_paths,[]
input_flag,workload_profile_path_labels,[]
input_flag,worker_profile_path,./profiles/workers/dsched_sosp_example.yaml
input_flag,stats,False
input_flag,dry_run,False
input_flag,slo_ramp_up_clip,0
input_flag,slo_ramp_down_clip,0
input_flag,loop_timeout,9223372036854775807
input_flag,random_seed,7103531719611879099
input_flag,resolve_conditionals_at_submission,False
input_flag,drop_skipped_tasks,True
input_flag,workload_update_interval,-1
input_flag,orchestrated,False
input_flag,min_placement_push_duration,1
input_flag,benchmark_task_runtime,15000
input_flag,benchmark_task_deadline,500000
input_flag,benchmark_num_gpus,2
input_flag,benchmark_num_cpus,10
input_flag,tpch_query_dag_spec,./profiles/workload/tpch/queries.yaml
input_flag,tpch_profile_type,Cloudlab
input_flag,tpch_dataset_size,50
input_flag,tpch_max_executors_per_job,50
input_flag,tpch_min_task_runtime,8
input_flag,tpch_query_partitioning,
input_flag,alibaba_loader_task_cpu_multiplier,1
input_flag,alibaba_loader_task_cpu_divisor,25
input_flag,alibaba_bump_resources_of_low_duration_task,False
input_flag,alibaba_loader_task_cpu_usage_random,False
input_flag,alibaba_loader_task_cpu_usage_min,0
input_flag,alibaba_loader_task_cpu_usage_max,9223372036854775807
input_flag,alibaba_task_duration_multiplier,1.0
input_flag,alibaba_loader_min_critical_path_runtimes,[]
input_flag,alibaba_loader_max_critical_path_runtimes,[]
input_flag,alibaba_enable_heterogeneous_resource_type,False
input_flag,alibaba_dump_filtered_dags,False
input_flag,max,None
input_flag,max_timestamp,None
input_flag,use_end_to_end_deadlines,False
input_flag,use_branch_predicated_deadlines,False
input_flag,min_deadline,0
input_flag,min_deadline_variance,0
input_flag,min_deadline_variances,[]
input_flag,max_deadline,9223372036854775807
input_flag,max_deadline_variance,20
input_flag,max_deadline_variances,[]
input_flag,runtime_variance,0
input_flag,timestamp_difference,-1
input_flag,synchronize_sensors,False
input_flag,release_taskgraphs,True
input_flag,scheduler,TetriSched
input_flag,verify_schedule,False
input_flag,preemption,False
input_flag,retract_schedules,True
input_flag,scheduler_runtime,0
input_flag,scheduler_frequency,-1
input_flag,scheduler_run_at_worker_free,False
input_flag,scheduler_adaptive_discretization,False
input_flag,finer_discretization_at_prev_solution,False
input_flag,finer_discretization_window,5
input_flag,scheduler_max_time_discretization,5
input_flag,scheduler_max_occupancy_threshold,0.8
input_flag,scheduler_delay,0
input_flag,scheduler_lookahead,0
input_flag,scheduler_plan_ahead,-1
input_flag,scheduler_plan_ahead_no_consideration_gap,0
input_flag,scheduler_time_discretization,1
input_flag,scheduler_policy,worst
input_flag,branch_prediction_accuracy,0.5
input_flag,enforce_deadlines,True
input_flag,ilp_goal,max_goodput
input_flag,clockwork_goal,clockwork
input_flag,scheduler_time_limit,-1
input_flag,scheduler_log_to_file,True
input_flag,decompose_deadlines,False
input_flag,scheduler_log_times,[]
input_flag,scheduler_run_load,False
input_flag,scheduler_enable_batching,False
input_flag,scheduler_selective_rescheduling,False
input_flag,scheduler_selective_rescheduling_sample_size,5
input_flag,scheduler_reconsideration_period,0.1
input_flag,opt_passes,['CRITICAL_PATH_PASS', 'CAPACITY_CONSTRAINT_PURGE_PASS', 'DYNAMIC_DISCRETIZATION_PASS']
input_flag,randomize_start_time_min,0
input_flag,randomize_start_time_max,0
input_flag,override_release_policy,fixed
input_flag,override_release_policies,[]
input_flag,override_num_invocation,0
input_flag,override_num_invocations,[]
input_flag,override_poisson_arrival_rate,0.0
input_flag,override_poisson_arrival_rates,[]
input_flag,override_base_arrival_rate,0.0
input_flag,override_gamma_coefficient,0.0
input_flag,override_arrival_period,0
input_flag,override_slo,-1
input_flag,unique_work_profiles,False
input_flag,replication_factor,1
input_flag,?,False
input_flag,help,False
input_flag,helpshort,False
input_flag,helpfull,False
input_flag,helpxml,False
0,WORKER_POOL,WorkerPool_1,15687e2a-a82f-45d3-baa4-4cf0da7787b4,Slot_1,9c24c73a-7e30-41b7-a578-705099b2f920,3,Slot_2,e096a905-7dfb-444f-9bf8-179cdcda753c,2
0,WORKER_POOL_UTILIZATION,15687e2a-a82f-45d3-baa4-4cf0da7787b4,Slot_1,0,3
0,WORKER_POOL_UTILIZATION,15687e2a-a82f-45d3-baa4-4cf0da7787b4,Slot_2,0,2
0,SIMULATOR_START
0,UPDATE_WORKLOAD,1,1
0,TASK_GRAPH_RELEASE,0,6,Example@0,3,6
0,TASK_RELEASE,T1,0,0,0,6,880b41be-b6ea-4a68-b137-febffe67396d,Example@0,3,Slot_1,any,3
0,SCHEDULER_START,3,0
0,WORKER_POOL_UTILIZATION,15687e2a-a82f-45d3-baa4-4cf0da7787b4,Slot_1,0,3
0,WORKER_POOL_UTILIZATION,15687e2a-a82f-45d3-baa4-4cf0da7787b4,Slot_2,0,2
input_flag,logtostderr,False
input_flag,alsologtostderr,False
input_flag,log_dir,/coc/scratch/epinto6/erdos-scheduling-simulator/sosp25/output/dsched-after-dynamic-discretization
input_flag,v,0
input_flag,verbosity,0
input_flag,logger_levels,{}
input_flag,stderrthreshold,fatal
input_flag,showprefixforinfo,True
input_flag,run_with_pdb,False
input_flag,pdb_post_mortem,False
input_flag,pdb,False
input_flag,run_with_profiling,False
input_flag,profile_file,None
input_flag,use_cprofile_for_profiling,True
input_flag,only_check_args,False
input_flag,execution_mode,json
input_flag,replay_trace,pylot
input_flag,log,dsched-after-dynamic-discretization.log
input_flag,log_file_name,dsched-after-dynamic-discretization.log
input_flag,log_file_mode,write
input_flag,csv,dsched-after-dynamic-discretization.csv
input_flag,csv_file_name,dsched-after-dynamic-discretization.csv
input_flag,log_graphs,False
input_flag,log_level,debug
input_flag,workload_profile_path,./profiles/workload/dsched_sosp_example.yaml
input_flag,workload_profile_paths,[]
input_flag,workload_profile_path_labels,[]
input_flag,worker_profile_path,./profiles/workers/dsched_sosp_example.yaml
input_flag,stats,False
input_flag,dry_run,False
input_flag,slo_ramp_up_clip,0
input_flag,slo_ramp_down_clip,0
input_flag,loop_timeout,9223372036854775807
input_flag,random_seed,5616476440758403233
input_flag,resolve_conditionals_at_submission,False
input_flag,drop_skipped_tasks,True
input_flag,workload_update_interval,-1
input_flag,orchestrated,False
input_flag,min_placement_push_duration,1
input_flag,benchmark_task_runtime,15000
input_flag,benchmark_task_deadline,500000
input_flag,benchmark_num_gpus,2
input_flag,benchmark_num_cpus,10
input_flag,tpch_query_dag_spec,./profiles/workload/tpch/queries.yaml
input_flag,tpch_profile_type,Cloudlab
input_flag,tpch_dataset_size,50
input_flag,tpch_max_executors_per_job,50
input_flag,tpch_min_task_runtime,8
input_flag,tpch_query_partitioning,
input_flag,alibaba_loader_task_cpu_multiplier,1
input_flag,alibaba_loader_task_cpu_divisor,25
input_flag,alibaba_bump_resources_of_low_duration_task,False
input_flag,alibaba_loader_task_cpu_usage_random,False
input_flag,alibaba_loader_task_cpu_usage_min,0
input_flag,alibaba_loader_task_cpu_usage_max,9223372036854775807
input_flag,alibaba_task_duration_multiplier,1.0
input_flag,alibaba_loader_min_critical_path_runtimes,[]
input_flag,alibaba_loader_max_critical_path_runtimes,[]
input_flag,alibaba_enable_heterogeneous_resource_type,False
input_flag,alibaba_dump_filtered_dags,False
input_flag,max,None
input_flag,max_timestamp,None
input_flag,use_end_to_end_deadlines,False
input_flag,use_branch_predicated_deadlines,False
input_flag,min_deadline,0
input_flag,min_deadline_variance,0
input_flag,min_deadline_variances,[]
input_flag,max_deadline,9223372036854775807
input_flag,max_deadline_variance,20
input_flag,max_deadline_variances,[]
input_flag,runtime_variance,0
input_flag,timestamp_difference,-1
input_flag,synchronize_sensors,False
input_flag,release_taskgraphs,True
input_flag,scheduler,TetriSched
input_flag,verify_schedule,False
input_flag,preemption,False
input_flag,retract_schedules,True
input_flag,scheduler_runtime,0
input_flag,scheduler_frequency,-1
input_flag,scheduler_run_at_worker_free,False
input_flag,scheduler_adaptive_discretization,False
input_flag,finer_discretization_at_prev_solution,False
input_flag,finer_discretization_window,5
input_flag,scheduler_max_time_discretization,5
input_flag,scheduler_max_occupancy_threshold,0.8
input_flag,scheduler_delay,0
input_flag,scheduler_lookahead,0
input_flag,scheduler_plan_ahead,-1
input_flag,scheduler_plan_ahead_no_consideration_gap,0
input_flag,scheduler_time_discretization,1
input_flag,scheduler_policy,worst
input_flag,branch_prediction_accuracy,0.5
input_flag,enforce_deadlines,True
input_flag,ilp_goal,max_goodput
input_flag,clockwork_goal,clockwork
input_flag,scheduler_time_limit,-1
input_flag,scheduler_log_to_file,True
input_flag,decompose_deadlines,False
input_flag,scheduler_log_times,[]
input_flag,scheduler_run_load,False
input_flag,scheduler_enable_batching,False
input_flag,scheduler_selective_rescheduling,False
input_flag,scheduler_selective_rescheduling_sample_size,5
input_flag,scheduler_reconsideration_period,0.1
input_flag,opt_passes,['CRITICAL_PATH_PASS', 'CAPACITY_CONSTRAINT_PURGE_PASS', 'DYNAMIC_DISCRETIZATION_PASS']
input_flag,randomize_start_time_min,0
input_flag,randomize_start_time_max,0
input_flag,override_release_policy,fixed
input_flag,override_release_policies,[]
input_flag,override_num_invocation,0
input_flag,override_num_invocations,[]
input_flag,override_poisson_arrival_rate,0.0
input_flag,override_poisson_arrival_rates,[]
input_flag,override_base_arrival_rate,0.0
input_flag,override_gamma_coefficient,0.0
input_flag,override_arrival_period,0
input_flag,override_slo,-1
input_flag,unique_work_profiles,False
input_flag,replication_factor,1
input_flag,?,False
input_flag,help,False
input_flag,helpshort,False
input_flag,helpfull,False
input_flag,helpxml,False
0,WORKER_POOL,WorkerPool_1,72b9f41d-b2b4-4bf0-82ac-bd26854d6b12,Slot_1,d4dac374-245d-468d-a6d5-c2e127e9ddaa,3,Slot_2,9d7d217a-71b4-4130-9aaa-47ec564e29a3,2
0,WORKER_POOL_UTILIZATION,72b9f41d-b2b4-4bf0-82ac-bd26854d6b12,Slot_1,0,3
0,WORKER_POOL_UTILIZATION,72b9f41d-b2b4-4bf0-82ac-bd26854d6b12,Slot_2,0,2
0,SIMULATOR_START
0,UPDATE_WORKLOAD,1,1
0,TASK_GRAPH_RELEASE,0,6,Example@0,3,6
0,TASK_RELEASE,T1,0,0,0,6,80c06b13-145a-4e5d-89cc-ee7323c5e09f,Example@0,3,Slot_1,any,3
0,SCHEDULER_START,3,0
0,WORKER_POOL_UTILIZATION,72b9f41d-b2b4-4bf0-82ac-bd26854d6b12,Slot_1,0,3
0,WORKER_POOL_UTILIZATION,72b9f41d-b2b4-4bf0-82ac-bd26854d6b12,Slot_2,0,2
input_flag,logtostderr,False
input_flag,alsologtostderr,False
input_flag,log_dir,/coc/scratch/epinto6/erdos-scheduling-simulator/sosp25/output/dsched-after-dynamic-discretization
input_flag,v,0
input_flag,verbosity,0
input_flag,logger_levels,{}
input_flag,stderrthreshold,fatal
input_flag,showprefixforinfo,True
input_flag,run_with_pdb,False
input_flag,pdb_post_mortem,False
input_flag,pdb,False
input_flag,run_with_profiling,False
input_flag,profile_file,None
input_flag,use_cprofile_for_profiling,True
input_flag,only_check_args,False
input_flag,execution_mode,json
input_flag,replay_trace,pylot
input_flag,log,dsched-after-dynamic-discretization.log
input_flag,log_file_name,dsched-after-dynamic-discretization.log
input_flag,log_file_mode,write
input_flag,csv,dsched-after-dynamic-discretization.csv
input_flag,csv_file_name,dsched-after-dynamic-discretization.csv
input_flag,log_graphs,False
input_flag,log_level,debug
input_flag,workload_profile_path,./profiles/workload/dsched_sosp_example.yaml
input_flag,workload_profile_paths,[]
input_flag,workload_profile_path_labels,[]
input_flag,worker_profile_path,./profiles/workers/dsched_sosp_example.yaml
input_flag,stats,False
input_flag,dry_run,False
input_flag,slo_ramp_up_clip,0
input_flag,slo_ramp_down_clip,0
input_flag,loop_timeout,9223372036854775807
input_flag,random_seed,871520758278031624
input_flag,resolve_conditionals_at_submission,False
input_flag,drop_skipped_tasks,True
input_flag,workload_update_interval,-1
input_flag,orchestrated,False
input_flag,min_placement_push_duration,1
input_flag,benchmark_task_runtime,15000
input_flag,benchmark_task_deadline,500000
input_flag,benchmark_num_gpus,2
input_flag,benchmark_num_cpus,10
input_flag,tpch_query_dag_spec,./profiles/workload/tpch/queries.yaml
input_flag,tpch_profile_type,Cloudlab
input_flag,tpch_dataset_size,50
input_flag,tpch_max_executors_per_job,50
input_flag,tpch_min_task_runtime,8
input_flag,tpch_query_partitioning,
input_flag,alibaba_loader_task_cpu_multiplier,1
input_flag,alibaba_loader_task_cpu_divisor,25
input_flag,alibaba_bump_resources_of_low_duration_task,False
input_flag,alibaba_loader_task_cpu_usage_random,False
input_flag,alibaba_loader_task_cpu_usage_min,0
input_flag,alibaba_loader_task_cpu_usage_max,9223372036854775807
input_flag,alibaba_task_duration_multiplier,1.0
input_flag,alibaba_loader_min_critical_path_runtimes,[]
input_flag,alibaba_loader_max_critical_path_runtimes,[]
input_flag,alibaba_enable_heterogeneous_resource_type,False
input_flag,alibaba_dump_filtered_dags,False
input_flag,max,None
input_flag,max_timestamp,None
input_flag,use_end_to_end_deadlines,False
input_flag,use_branch_predicated_deadlines,False
input_flag,min_deadline,0
input_flag,min_deadline_variance,0
input_flag,min_deadline_variances,[]
input_flag,max_deadline,9223372036854775807
input_flag,max_deadline_variance,20
input_flag,max_deadline_variances,[]
input_flag,runtime_variance,0
input_flag,timestamp_difference,-1
input_flag,synchronize_sensors,False
input_flag,release_taskgraphs,True
input_flag,scheduler,TetriSched
input_flag,verify_schedule,False
input_flag,preemption,False
input_flag,retract_schedules,True
input_flag,scheduler_runtime,0
input_flag,scheduler_frequency,-1
input_flag,scheduler_run_at_worker_free,False
input_flag,scheduler_adaptive_discretization,False
input_flag,finer_discretization_at_prev_solution,False
input_flag,finer_discretization_window,5
input_flag,scheduler_max_time_discretization,5
input_flag,scheduler_max_occupancy_threshold,0.8
input_flag,scheduler_delay,0
input_flag,scheduler_lookahead,0
input_flag,scheduler_plan_ahead,-1
input_flag,scheduler_plan_ahead_no_consideration_gap,0
input_flag,scheduler_time_discretization,1
input_flag,scheduler_policy,worst
input_flag,branch_prediction_accuracy,0.5
input_flag,enforce_deadlines,True
input_flag,ilp_goal,max_goodput
input_flag,clockwork_goal,clockwork
input_flag,scheduler_time_limit,-1
input_flag,scheduler_log_to_file,True
input_flag,decompose_deadlines,False
input_flag,scheduler_log_times,[]
input_flag,scheduler_run_load,False
input_flag,scheduler_enable_batching,False
input_flag,scheduler_selective_rescheduling,False
input_flag,scheduler_selective_rescheduling_sample_size,5
input_flag,scheduler_reconsideration_period,0.1
input_flag,opt_passes,['CRITICAL_PATH_PASS', 'CAPACITY_CONSTRAINT_PURGE_PASS', 'DYNAMIC_DISCRETIZATION_PASS']
input_flag,randomize_start_time_min,0
input_flag,randomize_start_time_max,0
input_flag,override_release_policy,fixed
input_flag,override_release_policies,[]
input_flag,override_num_invocation,0
input_flag,override_num_invocations,[]
input_flag,override_poisson_arrival_rate,0.0
input_flag,override_poisson_arrival_rates,[]
input_flag,override_base_arrival_rate,0.0
input_flag,override_gamma_coefficient,0.0
input_flag,override_arrival_period,0
input_flag,override_slo,-1
input_flag,unique_work_profiles,False
input_flag,replication_factor,1
input_flag,?,False
input_flag,help,False
input_flag,helpshort,False
input_flag,helpfull,False
input_flag,helpxml,False
0,WORKER_POOL,WorkerPool_1,030abe6c-da33-4748-815f-0eb581061e37,Slot_1,62ff96e8-9bbd-468c-84ee-2417b740170e,3,Slot_2,20d743e8-8926-4cb8-b0e9-1448596571b2,2
0,WORKER_POOL_UTILIZATION,030abe6c-da33-4748-815f-0eb581061e37,Slot_2,0,2
0,WORKER_POOL_UTILIZATION,030abe6c-da33-4748-815f-0eb581061e37,Slot_1,0,3
0,SIMULATOR_START
0,UPDATE_WORKLOAD,1,1
0,TASK_GRAPH_RELEASE,0,6,Example@0,3,6
0,TASK_RELEASE,T1,0,0,0,6,d1899b6b-0137-49cb-b9ad-5dc7fa6e7962,Example@0,3,Slot_1,any,3
0,SCHEDULER_START,3,0
0,WORKER_POOL_UTILIZATION,030abe6c-da33-4748-815f-0eb581061e37,Slot_2,0,2
0,WORKER_POOL_UTILIZATION,030abe6c-da33-4748-815f-0eb581061e37,Slot_1,0,3
input_flag,logtostderr,False
input_flag,alsologtostderr,False
input_flag,log_dir,/coc/scratch/epinto6/erdos-scheduling-simulator/sosp25/output/dsched-after-dynamic-discretization
input_flag,v,0
input_flag,verbosity,0
input_flag,logger_levels,{}
input_flag,stderrthreshold,fatal
input_flag,showprefixforinfo,True
input_flag,run_with_pdb,False
input_flag,pdb_post_mortem,False
input_flag,pdb,False
input_flag,run_with_profiling,False
input_flag,profile_file,None
input_flag,use_cprofile_for_profiling,True
input_flag,only_check_args,False
input_flag,execution_mode,json
input_flag,replay_trace,pylot
input_flag,log,dsched-after-dynamic-discretization.log
input_flag,log_file_name,dsched-after-dynamic-discretization.log
input_flag,log_file_mode,write
input_flag,csv,dsched-after-dynamic-discretization.csv
input_flag,csv_file_name,dsched-after-dynamic-discretization.csv
input_flag,log_graphs,False
input_flag,log_level,debug
input_flag,workload_profile_path,./profiles/workload/dsched_sosp_example.yaml
input_flag,workload_profile_paths,[]
input_flag,workload_profile_path_labels,[]
input_flag,worker_profile_path,./profiles/workers/dsched_sosp_example.yaml
input_flag,stats,False
input_flag,dry_run,False
input_flag,slo_ramp_up_clip,0
input_flag,slo_ramp_down_clip,0
input_flag,loop_timeout,9223372036854775807
input_flag,random_seed,1600669978956511457
input_flag,resolve_conditionals_at_submission,False
input_flag,drop_skipped_tasks,True
input_flag,workload_update_interval,-1
input_flag,orchestrated,False
input_flag,min_placement_push_duration,1
input_flag,benchmark_task_runtime,15000
input_flag,benchmark_task_deadline,500000
input_flag,benchmark_num_gpus,2
input_flag,benchmark_num_cpus,10
input_flag,tpch_query_dag_spec,./profiles/workload/tpch/queries.yaml
input_flag,tpch_profile_type,Cloudlab
input_flag,tpch_dataset_size,50
input_flag,tpch_max_executors_per_job,50
input_flag,tpch_min_task_runtime,8
input_flag,tpch_query_partitioning,
input_flag,alibaba_loader_task_cpu_multiplier,1
input_flag,alibaba_loader_task_cpu_divisor,25
input_flag,alibaba_bump_resources_of_low_duration_task,False
input_flag,alibaba_loader_task_cpu_usage_random,False
input_flag,alibaba_loader_task_cpu_usage_min,0
input_flag,alibaba_loader_task_cpu_usage_max,9223372036854775807
input_flag,alibaba_task_duration_multiplier,1.0
input_flag,alibaba_loader_min_critical_path_runtimes,[]
input_flag,alibaba_loader_max_critical_path_runtimes,[]
input_flag,alibaba_enable_heterogeneous_resource_type,False
input_flag,alibaba_dump_filtered_dags,False
input_flag,max,None
input_flag,max_timestamp,None
input_flag,use_end_to_end_deadlines,False
input_flag,use_branch_predicated_deadlines,False
input_flag,min_deadline,0
input_flag,min_deadline_variance,0
input_flag,min_deadline_variances,[]
input_flag,max_deadline,9223372036854775807
input_flag,max_deadline_variance,20
input_flag,max_deadline_variances,[]
input_flag,runtime_variance,0
input_flag,timestamp_difference,-1
input_flag,synchronize_sensors,False
input_flag,release_taskgraphs,True
input_flag,scheduler,TetriSched
input_flag,verify_schedule,False
input_flag,preemption,False
input_flag,retract_schedules,True
input_flag,scheduler_runtime,0
input_flag,scheduler_frequency,-1
input_flag,scheduler_run_at_worker_free,False
input_flag,scheduler_adaptive_discretization,False
input_flag,finer_discretization_at_prev_solution,False
input_flag,finer_discretization_window,5
input_flag,scheduler_max_time_discretization,5
input_flag,scheduler_max_occupancy_threshold,0.8
input_flag,scheduler_delay,0
input_flag,scheduler_lookahead,0
input_flag,scheduler_plan_ahead,-1
input_flag,scheduler_plan_ahead_no_consideration_gap,0
input_flag,scheduler_time_discretization,1
input_flag,scheduler_policy,worst
input_flag,branch_prediction_accuracy,0.5
input_flag,enforce_deadlines,True
input_flag,ilp_goal,max_goodput
input_flag,clockwork_goal,clockwork
input_flag,scheduler_time_limit,-1
input_flag,scheduler_log_to_file,True
input_flag,decompose_deadlines,False
input_flag,scheduler_log_times,[]
input_flag,scheduler_run_load,False
input_flag,scheduler_enable_batching,False
input_flag,scheduler_selective_rescheduling,False
input_flag,scheduler_selective_rescheduling_sample_size,5
input_flag,scheduler_reconsideration_period,0.1
input_flag,opt_passes,['CRITICAL_PATH_PASS', 'CAPACITY_CONSTRAINT_PURGE_PASS', 'DYNAMIC_DISCRETIZATION_PASS']
input_flag,randomize_start_time_min,0
input_flag,randomize_start_time_max,0
input_flag,override_release_policy,fixed
input_flag,override_release_policies,[]
input_flag,override_num_invocation,0
input_flag,override_num_invocations,[]
input_flag,override_poisson_arrival_rate,0.0
input_flag,override_poisson_arrival_rates,[]
input_flag,override_base_arrival_rate,0.0
input_flag,override_gamma_coefficient,0.0
input_flag,override_arrival_period,0
input_flag,override_slo,-1
input_flag,unique_work_profiles,False
input_flag,replication_factor,1
input_flag,?,False
input_flag,help,False
input_flag,helpshort,False
input_flag,helpfull,False
input_flag,helpxml,False
0,WORKER_POOL,WorkerPool_1,f2d2ebe6-04eb-4e90-9d65-08c19cf56424,Slot_1,7df32e6f-7a2d-4ee7-8289-adb310c3f937,3,Slot_2,64a1ebcc-4d36-4477-bcaa-bad1ba9f5cf2,2
0,WORKER_POOL_UTILIZATION,f2d2ebe6-04eb-4e90-9d65-08c19cf56424,Slot_1,0,3
0,WORKER_POOL_UTILIZATION,f2d2ebe6-04eb-4e90-9d65-08c19cf56424,Slot_2,0,2
0,SIMULATOR_START
0,UPDATE_WORKLOAD,1,1
0,TASK_GRAPH_RELEASE,0,6,Example@0,3,6
0,TASK_RELEASE,T1,0,0,0,6,1522d13e-1363-4ef4-bfa0-3e0463644005,Example@0,3,Slot_1,any,3
0,SCHEDULER_START,3,0
0,WORKER_POOL_UTILIZATION,f2d2ebe6-04eb-4e90-9d65-08c19cf56424,Slot_1,0,3
0,WORKER_POOL_UTILIZATION,f2d2ebe6-04eb-4e90-9d65-08c19cf56424,Slot_2,0,2
input_flag,logtostderr,False
input_flag,alsologtostderr,False
input_flag,log_dir,/coc/scratch/epinto6/erdos-scheduling-simulator/sosp25/output/dsched-after-dynamic-discretization
input_flag,v,0
input_flag,verbosity,0
input_flag,logger_levels,{}
input_flag,stderrthreshold,fatal
input_flag,showprefixforinfo,True
input_flag,run_with_pdb,False
input_flag,pdb_post_mortem,False
input_flag,pdb,False
input_flag,run_with_profiling,False
input_flag,profile_file,None
input_flag,use_cprofile_for_profiling,True
input_flag,only_check_args,False
input_flag,execution_mode,json
input_flag,replay_trace,pylot
input_flag,log,dsched-after-dynamic-discretization.log
input_flag,log_file_name,dsched-after-dynamic-discretization.log
input_flag,log_file_mode,write
input_flag,csv,dsched-after-dynamic-discretization.csv
input_flag,csv_file_name,dsched-after-dynamic-discretization.csv
input_flag,log_graphs,False
input_flag,log_level,debug
input_flag,workload_profile_path,./profiles/workload/dsched_sosp_example.yaml
input_flag,workload_profile_paths,[]
input_flag,workload_profile_path_labels,[]
input_flag,worker_profile_path,./profiles/workers/dsched_sosp_example.yaml
input_flag,stats,False
input_flag,dry_run,False
input_flag,slo_ramp_up_clip,0
input_flag,slo_ramp_down_clip,0
input_flag,loop_timeout,9223372036854775807
input_flag,random_seed,1638799097575107228
input_flag,resolve_conditionals_at_submission,False
input_flag,drop_skipped_tasks,True
input_flag,workload_update_interval,-1
input_flag,orchestrated,False
input_flag,min_placement_push_duration,1
input_flag,benchmark_task_runtime,15000
input_flag,benchmark_task_deadline,500000
input_flag,benchmark_num_gpus,2
input_flag,benchmark_num_cpus,10
input_flag,tpch_query_dag_spec,./profiles/workload/tpch/queries.yaml
input_flag,tpch_profile_type,Cloudlab
input_flag,tpch_dataset_size,50
input_flag,tpch_max_executors_per_job,50
input_flag,tpch_min_task_runtime,8
input_flag,tpch_query_partitioning,
input_flag,alibaba_loader_task_cpu_multiplier,1
input_flag,alibaba_loader_task_cpu_divisor,25
input_flag,alibaba_bump_resources_of_low_duration_task,False
input_flag,alibaba_loader_task_cpu_usage_random,False
input_flag,alibaba_loader_task_cpu_usage_min,0
input_flag,alibaba_loader_task_cpu_usage_max,9223372036854775807
input_flag,alibaba_task_duration_multiplier,1.0
input_flag,alibaba_loader_min_critical_path_runtimes,[]
input_flag,alibaba_loader_max_critical_path_runtimes,[]
input_flag,alibaba_enable_heterogeneous_resource_type,False
input_flag,alibaba_dump_filtered_dags,False
input_flag,max,None
input_flag,max_timestamp,None
input_flag,use_end_to_end_deadlines,False
input_flag,use_branch_predicated_deadlines,False
input_flag,min_deadline,0
input_flag,min_deadline_variance,0
input_flag,min_deadline_variances,[]
input_flag,max_deadline,9223372036854775807
input_flag,max_deadline_variance,20
input_flag,max_deadline_variances,[]
input_flag,runtime_variance,0
input_flag,timestamp_difference,-1
input_flag,synchronize_sensors,False
input_flag,release_taskgraphs,True
input_flag,scheduler,TetriSched
input_flag,verify_schedule,False
input_flag,preemption,False
input_flag,retract_schedules,True
input_flag,scheduler_runtime,0
input_flag,scheduler_frequency,-1
input_flag,scheduler_run_at_worker_free,False
input_flag,scheduler_adaptive_discretization,False
input_flag,finer_discretization_at_prev_solution,False
input_flag,finer_discretization_window,5
input_flag,scheduler_max_time_discretization,5
input_flag,scheduler_max_occupancy_threshold,0.8
input_flag,scheduler_delay,0
input_flag,scheduler_lookahead,0
input_flag,scheduler_plan_ahead,-1
input_flag,scheduler_plan_ahead_no_consideration_gap,0
input_flag,scheduler_time_discretization,1
input_flag,scheduler_policy,worst
input_flag,branch_prediction_accuracy,0.5
input_flag,enforce_deadlines,True
input_flag,ilp_goal,max_goodput
input_flag,clockwork_goal,clockwork
input_flag,scheduler_time_limit,-1
input_flag,scheduler_log_to_file,True
input_flag,decompose_deadlines,False
input_flag,scheduler_log_times,[]
input_flag,scheduler_run_load,False
input_flag,scheduler_enable_batching,False
input_flag,scheduler_selective_rescheduling,False
input_flag,scheduler_selective_rescheduling_sample_size,5
input_flag,scheduler_reconsideration_period,0.1
input_flag,opt_passes,['CRITICAL_PATH_PASS', 'CAPACITY_CONSTRAINT_PURGE_PASS', 'DYNAMIC_DISCRETIZATION_PASS']
input_flag,randomize_start_time_min,0
input_flag,randomize_start_time_max,0
input_flag,override_release_policy,fixed
input_flag,override_release_policies,[]
input_flag,override_num_invocation,0
input_flag,override_num_invocations,[]
input_flag,override_poisson_arrival_rate,0.0
input_flag,override_poisson_arrival_rates,[]
input_flag,override_base_arrival_rate,0.0
input_flag,override_gamma_coefficient,0.0
input_flag,override_arrival_period,0
input_flag,override_slo,-1
input_flag,unique_work_profiles,False
input_flag,replication_factor,1
input_flag,?,False
input_flag,help,False
input_flag,helpshort,False
input_flag,helpfull,False
input_flag,helpxml,False
0,WORKER_POOL,WorkerPool_1,7abb140c-33c9-4a7f-a324-4c03ba54c669,Slot_1,ef19c3ab-b110-4269-9df4-7a3752a7197f,3,Slot_2,b389fdca-1251-45fa-861d-58b1e1ed50df,2
0,WORKER_POOL_UTILIZATION,7abb140c-33c9-4a7f-a324-4c03ba54c669,Slot_2,0,2
0,WORKER_POOL_UTILIZATION,7abb140c-33c9-4a7f-a324-4c03ba54c669,Slot_1,0,3
0,SIMULATOR_START
0,UPDATE_WORKLOAD,1,1
0,TASK_GRAPH_RELEASE,0,6,Example@0,3,6
0,TASK_RELEASE,T1,0,0,0,6,8ce9296a-7187-4446-874f-4250c49bd9b7,Example@0,3,Slot_1,any,3
0,SCHEDULER_START,3,0
0,WORKER_POOL_UTILIZATION,7abb140c-33c9-4a7f-a324-4c03ba54c669,Slot_2,0,2
0,WORKER_POOL_UTILIZATION,7abb140c-33c9-4a7f-a324-4c03ba54c669,Slot_1,0,3
input_flag,logtostderr,False
input_flag,alsologtostderr,False
input_flag,log_dir,/coc/scratch/epinto6/erdos-scheduling-simulator/sosp25/output/dsched-after-dynamic-discretization
input_flag,v,0
input_flag,verbosity,0
input_flag,logger_levels,{}
input_flag,stderrthreshold,fatal
input_flag,showprefixforinfo,True
input_flag,run_with_pdb,False
input_flag,pdb_post_mortem,False
input_flag,pdb,False
input_flag,run_with_profiling,False
input_flag,profile_file,None
input_flag,use_cprofile_for_profiling,True
input_flag,only_check_args,False
input_flag,execution_mode,json
input_flag,replay_trace,pylot
input_flag,log,dsched-after-dynamic-discretization.log
input_flag,log_file_name,dsched-after-dynamic-discretization.log
input_flag,log_file_mode,write
input_flag,csv,dsched-after-dynamic-discretization.csv
input_flag,csv_file_name,dsched-after-dynamic-discretization.csv
input_flag,log_graphs,False
input_flag,log_level,debug
input_flag,workload_profile_path,./profiles/workload/dsched_sosp_example.yaml
input_flag,workload_profile_paths,[]
input_flag,workload_profile_path_labels,[]
input_flag,worker_profile_path,./profiles/workers/dsched_sosp_example.yaml
input_flag,stats,False
input_flag,dry_run,False
input_flag,slo_ramp_up_clip,0
input_flag,slo_ramp_down_clip,0
input_flag,loop_timeout,9223372036854775807
input_flag,random_seed,8265939043706968616
input_flag,resolve_conditionals_at_submission,False
input_flag,drop_skipped_tasks,True
input_flag,workload_update_interval,-1
input_flag,orchestrated,False
input_flag,min_placement_push_duration,1
input_flag,benchmark_task_runtime,15000
input_flag,benchmark_task_deadline,500000
input_flag,benchmark_num_gpus,2
input_flag,benchmark_num_cpus,10
input_flag,tpch_query_dag_spec,./profiles/workload/tpch/queries.yaml
input_flag,tpch_profile_type,Cloudlab
input_flag,tpch_dataset_size,50
input_flag,tpch_max_executors_per_job,50
input_flag,tpch_min_task_runtime,8
input_flag,tpch_query_partitioning,
input_flag,alibaba_loader_task_cpu_multiplier,1
input_flag,alibaba_loader_task_cpu_divisor,25
input_flag,alibaba_bump_resources_of_low_duration_task,False
input_flag,alibaba_loader_task_cpu_usage_random,False
input_flag,alibaba_loader_task_cpu_usage_min,0
input_flag,alibaba_loader_task_cpu_usage_max,9223372036854775807
input_flag,alibaba_task_duration_multiplier,1.0
input_flag,alibaba_loader_min_critical_path_runtimes,[]
input_flag,alibaba_loader_max_critical_path_runtimes,[]
input_flag,alibaba_enable_heterogeneous_resource_type,False
input_flag,alibaba_dump_filtered_dags,False
input_flag,max,None
input_flag,max_timestamp,None
input_flag,use_end_to_end_deadlines,False
input_flag,use_branch_predicated_deadlines,False
input_flag,min_deadline,0
input_flag,min_deadline_variance,0
input_flag,min_deadline_variances,[]
input_flag,max_deadline,9223372036854775807
input_flag,max_deadline_variance,20
input_flag,max_deadline_variances,[]
input_flag,runtime_variance,0
input_flag,timestamp_difference,-1
input_flag,synchronize_sensors,False
input_flag,release_taskgraphs,True
input_flag,scheduler,TetriSched
input_flag,verify_schedule,False
input_flag,preemption,False
input_flag,retract_schedules,True
input_flag,scheduler_runtime,0
input_flag,scheduler_frequency,-1
input_flag,scheduler_run_at_worker_free,False
input_flag,scheduler_adaptive_discretization,False
input_flag,finer_discretization_at_prev_solution,False
input_flag,finer_discretization_window,5
input_flag,scheduler_max_time_discretization,5
input_flag,scheduler_max_occupancy_threshold,0.8
input_flag,scheduler_delay,0
input_flag,scheduler_lookahead,0
input_flag,scheduler_plan_ahead,-1
input_flag,scheduler_plan_ahead_no_consideration_gap,0
input_flag,scheduler_time_discretization,1
input_flag,scheduler_policy,worst
input_flag,branch_prediction_accuracy,0.5
input_flag,enforce_deadlines,True
input_flag,ilp_goal,max_goodput
input_flag,clockwork_goal,clockwork
input_flag,scheduler_time_limit,-1
input_flag,scheduler_log_to_file,True
input_flag,decompose_deadlines,False
input_flag,scheduler_log_times,[]
input_flag,scheduler_run_load,False
input_flag,scheduler_enable_batching,False
input_flag,scheduler_selective_rescheduling,False
input_flag,scheduler_selective_rescheduling_sample_size,5
input_flag,scheduler_reconsideration_period,0.1
input_flag,opt_passes,['CRITICAL_PATH_PASS', 'CAPACITY_CONSTRAINT_PURGE_PASS', 'DYNAMIC_DISCRETIZATION_PASS']
input_flag,randomize_start_time_min,0
input_flag,randomize_start_time_max,0
input_flag,override_release_policy,fixed
input_flag,override_release_policies,[]
input_flag,override_num_invocation,0
input_flag,override_num_invocations,[]
input_flag,override_poisson_arrival_rate,0.0
input_flag,override_poisson_arrival_rates,[]
input_flag,override_base_arrival_rate,0.0
input_flag,override_gamma_coefficient,0.0
input_flag,override_arrival_period,0
input_flag,override_slo,-1
input_flag,unique_work_profiles,False
input_flag,replication_factor,1
input_flag,?,False
input_flag,help,False
input_flag,helpshort,False
input_flag,helpfull,False
input_flag,helpxml,False
0,WORKER_POOL,WorkerPool_1,6dd0c435-f883-4110-9467-ebcb09db0f28,Slot_1,d87126af-9972-4634-a908-267b808d2c01,3,Slot_2,f67595ac-a885-46eb-9f04-a0a264084002,2
0,WORKER_POOL_UTILIZATION,6dd0c435-f883-4110-9467-ebcb09db0f28,Slot_2,0,2
0,WORKER_POOL_UTILIZATION,6dd0c435-f883-4110-9467-ebcb09db0f28,Slot_1,0,3
0,SIMULATOR_START
0,UPDATE_WORKLOAD,1,1
0,TASK_GRAPH_RELEASE,0,6,Example@0,3,6
0,TASK_RELEASE,T1,0,0,0,6,833a4755-04c8-41b8-b3a8-3d4e66d5406c,Example@0,3,Slot_1,any,3
0,SCHEDULER_START,3,0
0,WORKER_POOL_UTILIZATION,6dd0c435-f883-4110-9467-ebcb09db0f28,Slot_2,0,2
0,WORKER_POOL_UTILIZATION,6dd0c435-f883-4110-9467-ebcb09db0f28,Slot_1,0,3
input_flag,logtostderr,False
input_flag,alsologtostderr,False
input_flag,log_dir,/coc/scratch/epinto6/erdos-scheduling-simulator/sosp25/output/dsched-after-dynamic-discretization
input_flag,v,0
input_flag,verbosity,0
input_flag,logger_levels,{}
input_flag,stderrthreshold,fatal
input_flag,showprefixforinfo,True
input_flag,run_with_pdb,False
input_flag,pdb_post_mortem,False
input_flag,pdb,False
input_flag,run_with_profiling,False
input_flag,profile_file,None
input_flag,use_cprofile_for_profiling,True
input_flag,only_check_args,False
input_flag,execution_mode,json
input_flag,replay_trace,pylot
input_flag,log,dsched-after-dynamic-discretization.log
input_flag,log_file_name,dsched-after-dynamic-discretization.log
input_flag,log_file_mode,write
input_flag,csv,dsched-after-dynamic-discretization.csv
input_flag,csv_file_name,dsched-after-dynamic-discretization.csv
input_flag,log_graphs,False
input_flag,log_level,debug
input_flag,workload_profile_path,./profiles/workload/dsched_sosp_example.yaml
input_flag,workload_profile_paths,[]
input_flag,workload_profile_path_labels,[]
input_flag,worker_profile_path,./profiles/workers/dsched_sosp_example.yaml
input_flag,stats,False
input_flag,dry_run,False
input_flag,slo_ramp_up_clip,0
input_flag,slo_ramp_down_clip,0
input_flag,loop_timeout,9223372036854775807
input_flag,random_seed,1636231184396096091
input_flag,resolve_conditionals_at_submission,False
input_flag,drop_skipped_tasks,True
input_flag,workload_update_interval,-1
input_flag,orchestrated,False
input_flag,min_placement_push_duration,1
input_flag,benchmark_task_runtime,15000
input_flag,benchmark_task_deadline,500000
input_flag,benchmark_num_gpus,2
input_flag,benchmark_num_cpus,10
input_flag,tpch_query_dag_spec,./profiles/workload/tpch/queries.yaml
input_flag,tpch_profile_type,Cloudlab
input_flag,tpch_dataset_size,50
input_flag,tpch_max_executors_per_job,50
input_flag,tpch_min_task_runtime,8
input_flag,tpch_query_partitioning,
input_flag,alibaba_loader_task_cpu_multiplier,1
input_flag,alibaba_loader_task_cpu_divisor,25
input_flag,alibaba_bump_resources_of_low_duration_task,False
input_flag,alibaba_loader_task_cpu_usage_random,False
input_flag,alibaba_loader_task_cpu_usage_min,0
input_flag,alibaba_loader_task_cpu_usage_max,9223372036854775807
input_flag,alibaba_task_duration_multiplier,1.0
input_flag,alibaba_loader_min_critical_path_runtimes,[]
input_flag,alibaba_loader_max_critical_path_runtimes,[]
input_flag,alibaba_enable_heterogeneous_resource_type,False
input_flag,alibaba_dump_filtered_dags,False
input_flag,max,None
input_flag,max_timestamp,None
input_flag,use_end_to_end_deadlines,False
input_flag,use_branch_predicated_deadlines,False
input_flag,min_deadline,0
input_flag,min_deadline_variance,0
input_flag,min_deadline_variances,[]
input_flag,max_deadline,9223372036854775807
input_flag,max_deadline_variance,20
input_flag,max_deadline_variances,[]
input_flag,runtime_variance,0
input_flag,timestamp_difference,-1
input_flag,synchronize_sensors,False
input_flag,release_taskgraphs,True
input_flag,scheduler,TetriSched
input_flag,verify_schedule,False
input_flag,preemption,False
input_flag,retract_schedules,True
input_flag,scheduler_runtime,0
input_flag,scheduler_frequency,-1
input_flag,scheduler_run_at_worker_free,False
input_flag,scheduler_adaptive_discretization,False
input_flag,finer_discretization_at_prev_solution,False
input_flag,finer_discretization_window,5
input_flag,scheduler_max_time_discretization,5
input_flag,scheduler_max_occupancy_threshold,0.8
input_flag,scheduler_delay,0
input_flag,scheduler_lookahead,0
input_flag,scheduler_plan_ahead,-1
input_flag,scheduler_plan_ahead_no_consideration_gap,0
input_flag,scheduler_time_discretization,1
input_flag,scheduler_policy,worst
input_flag,branch_prediction_accuracy,0.5
input_flag,enforce_deadlines,True
input_flag,ilp_goal,max_goodput
input_flag,clockwork_goal,clockwork
input_flag,scheduler_time_limit,-1
input_flag,scheduler_log_to_file,True
input_flag,decompose_deadlines,False
input_flag,scheduler_log_times,[]
input_flag,scheduler_run_load,False
input_flag,scheduler_enable_batching,False
input_flag,scheduler_selective_rescheduling,False
input_flag,scheduler_selective_rescheduling_sample_size,5
input_flag,scheduler_reconsideration_period,0.1
input_flag,opt_passes,['CRITICAL_PATH_PASS', 'CAPACITY_CONSTRAINT_PURGE_PASS', 'DYNAMIC_DISCRETIZATION_PASS']
input_flag,randomize_start_time_min,0
input_flag,randomize_start_time_max,0
input_flag,override_release_policy,fixed
input_flag,override_release_policies,[]
input_flag,override_num_invocation,0
input_flag,override_num_invocations,[]
input_flag,override_poisson_arrival_rate,0.0
input_flag,override_poisson_arrival_rates,[]
input_flag,override_base_arrival_rate,0.0
input_flag,override_gamma_coefficient,0.0
input_flag,override_arrival_period,0
input_flag,override_slo,-1
input_flag,unique_work_profiles,False
input_flag,replication_factor,1
input_flag,?,False
input_flag,help,False
input_flag,helpshort,False
input_flag,helpfull,False
input_flag,helpxml,False
0,WORKER_POOL,WorkerPool_1,b5a5c647-e255-4745-bcad-c70e9e95fa7e,Slot_1,66e97486-201b-47c8-86a2-721f533e23fd,3,Slot_2,58bb75b2-cd35-46e2-86ef-54ab7d4c387f,2
0,WORKER_POOL_UTILIZATION,b5a5c647-e255-4745-bcad-c70e9e95fa7e,Slot_1,0,3
0,WORKER_POOL_UTILIZATION,b5a5c647-e255-4745-bcad-c70e9e95fa7e,Slot_2,0,2
0,SIMULATOR_START
0,UPDATE_WORKLOAD,1,1
0,TASK_GRAPH_RELEASE,0,6,Example@0,3,6
0,TASK_RELEASE,T1,0,0,0,6,f439cee1-8bb8-4451-8a6a-44986a0e7e24,Example@0,3,Slot_1,any,3
0,SCHEDULER_START,3,0
0,WORKER_POOL_UTILIZATION,b5a5c647-e255-4745-bcad-c70e9e95fa7e,Slot_1,0,3
0,WORKER_POOL_UTILIZATION,b5a5c647-e255-4745-bcad-c70e9e95fa7e,Slot_2,0,2
input_flag,logtostderr,False
input_flag,alsologtostderr,False
input_flag,log_dir,/coc/scratch/epinto6/erdos-scheduling-simulator/sosp25/output/dsched-after-dynamic-discretization
input_flag,v,0
input_flag,verbosity,0
input_flag,logger_levels,{}
input_flag,stderrthreshold,fatal
input_flag,showprefixforinfo,True
input_flag,run_with_pdb,False
input_flag,pdb_post_mortem,False
input_flag,pdb,False
input_flag,run_with_profiling,False
input_flag,profile_file,None
input_flag,use_cprofile_for_profiling,True
input_flag,only_check_args,False
input_flag,execution_mode,json
input_flag,replay_trace,pylot
input_flag,log,dsched-after-dynamic-discretization.log
input_flag,log_file_name,dsched-after-dynamic-discretization.log
input_flag,log_file_mode,write
input_flag,csv,dsched-after-dynamic-discretization.csv
input_flag,csv_file_name,dsched-after-dynamic-discretization.csv
input_flag,log_graphs,False
input_flag,log_level,debug
input_flag,workload_profile_path,./profiles/workload/dsched_sosp_example.yaml
input_flag,workload_profile_paths,[]
input_flag,workload_profile_path_labels,[]
input_flag,worker_profile_path,./profiles/workers/dsched_sosp_example.yaml
input_flag,stats,False
input_flag,dry_run,False
input_flag,slo_ramp_up_clip,0
input_flag,slo_ramp_down_clip,0
input_flag,loop_timeout,9223372036854775807
input_flag,random_seed,9001774483330075088
input_flag,resolve_conditionals_at_submission,False
input_flag,drop_skipped_tasks,True
input_flag,workload_update_interval,-1
input_flag,orchestrated,False
input_flag,min_placement_push_duration,1
input_flag,benchmark_task_runtime,15000
input_flag,benchmark_task_deadline,500000
input_flag,benchmark_num_gpus,2
input_flag,benchmark_num_cpus,10
input_flag,tpch_query_dag_spec,./profiles/workload/tpch/queries.yaml
input_flag,tpch_profile_type,Cloudlab
input_flag,tpch_dataset_size,50
input_flag,tpch_max_executors_per_job,50
input_flag,tpch_min_task_runtime,8
input_flag,tpch_query_partitioning,
input_flag,alibaba_loader_task_cpu_multiplier,1
input_flag,alibaba_loader_task_cpu_divisor,25
input_flag,alibaba_bump_resources_of_low_duration_task,False
input_flag,alibaba_loader_task_cpu_usage_random,False
input_flag,alibaba_loader_task_cpu_usage_min,0
input_flag,alibaba_loader_task_cpu_usage_max,9223372036854775807
input_flag,alibaba_task_duration_multiplier,1.0
input_flag,alibaba_loader_min_critical_path_runtimes,[]
input_flag,alibaba_loader_max_critical_path_runtimes,[]
input_flag,alibaba_enable_heterogeneous_resource_type,False
input_flag,alibaba_dump_filtered_dags,False
input_flag,max,None
input_flag,max_timestamp,None
input_flag,use_end_to_end_deadlines,False
input_flag,use_branch_predicated_deadlines,False
input_flag,min_deadline,0
input_flag,min_deadline_variance,0
input_flag,min_deadline_variances,[]
input_flag,max_deadline,9223372036854775807
input_flag,max_deadline_variance,20
input_flag,max_deadline_variances,[]
input_flag,runtime_variance,0
input_flag,timestamp_difference,-1
input_flag,synchronize_sensors,False
input_flag,release_taskgraphs,True
input_flag,scheduler,TetriSched
input_flag,verify_schedule,False
input_flag,preemption,False
input_flag,retract_schedules,True
input_flag,scheduler_runtime,0
input_flag,scheduler_frequency,-1
input_flag,scheduler_run_at_worker_free,False
input_flag,scheduler_adaptive_discretization,False
input_flag,finer_discretization_at_prev_solution,False
input_flag,finer_discretization_window,5
input_flag,scheduler_max_time_discretization,5
input_flag,scheduler_max_occupancy_threshold,0.8
input_flag,scheduler_delay,0
input_flag,scheduler_lookahead,0
input_flag,scheduler_plan_ahead,-1
input_flag,scheduler_plan_ahead_no_consideration_gap,0
input_flag,scheduler_time_discretization,1
input_flag,scheduler_policy,worst
input_flag,branch_prediction_accuracy,0.5
input_flag,enforce_deadlines,True
input_flag,ilp_goal,max_goodput
input_flag,clockwork_goal,clockwork
input_flag,scheduler_time_limit,-1
input_flag,scheduler_log_to_file,True
input_flag,decompose_deadlines,False
input_flag,scheduler_log_times,[]
input_flag,scheduler_run_load,False
input_flag,scheduler_enable_batching,False
input_flag,scheduler_selective_rescheduling,False
input_flag,scheduler_selective_rescheduling_sample_size,5
input_flag,scheduler_reconsideration_period,0.1
input_flag,opt_passes,['CRITICAL_PATH_PASS', 'CAPACITY_CONSTRAINT_PURGE_PASS', 'DYNAMIC_DISCRETIZATION_PASS']
input_flag,randomize_start_time_min,0
input_flag,randomize_start_time_max,0
input_flag,override_release_policy,fixed
input_flag,override_release_policies,[]
input_flag,override_num_invocation,0
input_flag,override_num_invocations,[]
input_flag,override_poisson_arrival_rate,0.0
input_flag,override_poisson_arrival_rates,[]
input_flag,override_base_arrival_rate,0.0
input_flag,override_gamma_coefficient,0.0
input_flag,override_arrival_period,0
input_flag,override_slo,-1
input_flag,unique_work_profiles,False
input_flag,replication_factor,1
input_flag,?,False
input_flag,help,False
input_flag,helpshort,False
input_flag,helpfull,False
input_flag,helpxml,False
0,WORKER_POOL,WorkerPool_1,fce16195-9274-4c2c-842b-c5268976b1f9,Slot_1,95dc47d7-5e44-438f-a7eb-d84ae822617d,3,Slot_2,0eac7613-ebca-413e-b7db-846edc075530,2
0,WORKER_POOL_UTILIZATION,fce16195-9274-4c2c-842b-c5268976b1f9,Slot_2,0,2
0,WORKER_POOL_UTILIZATION,fce16195-9274-4c2c-842b-c5268976b1f9,Slot_1,0,3
0,SIMULATOR_START
0,UPDATE_WORKLOAD,1,1
0,TASK_GRAPH_RELEASE,0,6,Example@0,3,6
0,TASK_RELEASE,T1,0,0,0,6,112c5d4f-71ea-4633-b1d2-c2e4d3dfe9ed,Example@0,3,Slot_1,any,3
0,SCHEDULER_START,3,0
0,WORKER_POOL_UTILIZATION,fce16195-9274-4c2c-842b-c5268976b1f9,Slot_2,0,2
0,WORKER_POOL_UTILIZATION,fce16195-9274-4c2c-842b-c5268976b1f9,Slot_1,0,3
input_flag,logtostderr,False
input_flag,alsologtostderr,False
input_flag,log_dir,/coc/scratch/epinto6/erdos-scheduling-simulator/sosp25/output/dsched-after-dynamic-discretization
input_flag,v,0
input_flag,verbosity,0
input_flag,logger_levels,{}
input_flag,stderrthreshold,fatal
input_flag,showprefixforinfo,True
input_flag,run_with_pdb,False
input_flag,pdb_post_mortem,False
input_flag,pdb,False
input_flag,run_with_profiling,False
input_flag,profile_file,None
input_flag,use_cprofile_for_profiling,True
input_flag,only_check_args,False
input_flag,execution_mode,json
input_flag,replay_trace,pylot
input_flag,log,dsched-after-dynamic-discretization.log
input_flag,log_file_name,dsched-after-dynamic-discretization.log
input_flag,log_file_mode,write
input_flag,csv,dsched-after-dynamic-discretization.csv
input_flag,csv_file_name,dsched-after-dynamic-discretization.csv
input_flag,log_graphs,False
input_flag,log_level,debug
input_flag,workload_profile_path,./profiles/workload/dsched_sosp_example.yaml
input_flag,workload_profile_paths,[]
input_flag,workload_profile_path_labels,[]
input_flag,worker_profile_path,./profiles/workers/dsched_sosp_example.yaml
input_flag,stats,False
input_flag,dry_run,False
input_flag,slo_ramp_up_clip,0
input_flag,slo_ramp_down_clip,0
input_flag,loop_timeout,9223372036854775807
input_flag,random_seed,6815227988963356342
input_flag,resolve_conditionals_at_submission,False
input_flag,drop_skipped_tasks,True
input_flag,workload_update_interval,-1
input_flag,orchestrated,False
input_flag,min_placement_push_duration,1
input_flag,benchmark_task_runtime,15000
input_flag,benchmark_task_deadline,500000
input_flag,benchmark_num_gpus,2
input_flag,benchmark_num_cpus,10
input_flag,tpch_query_dag_spec,./profiles/workload/tpch/queries.yaml
input_flag,tpch_profile_type,Cloudlab
input_flag,tpch_dataset_size,50
input_flag,tpch_max_executors_per_job,50
input_flag,tpch_min_task_runtime,8
input_flag,tpch_query_partitioning,
input_flag,alibaba_loader_task_cpu_multiplier,1
input_flag,alibaba_loader_task_cpu_divisor,25
input_flag,alibaba_bump_resources_of_low_duration_task,False
input_flag,alibaba_loader_task_cpu_usage_random,False
input_flag,alibaba_loader_task_cpu_usage_min,0
input_flag,alibaba_loader_task_cpu_usage_max,9223372036854775807
input_flag,alibaba_task_duration_multiplier,1.0
input_flag,alibaba_loader_min_critical_path_runtimes,[]
input_flag,alibaba_loader_max_critical_path_runtimes,[]
input_flag,alibaba_enable_heterogeneous_resource_type,False
input_flag,alibaba_dump_filtered_dags,False
input_flag,max,None
input_flag,max_timestamp,None
input_flag,use_end_to_end_deadlines,False
input_flag,use_branch_predicated_deadlines,False
input_flag,min_deadline,0
input_flag,min_deadline_variance,0
input_flag,min_deadline_variances,[]
input_flag,max_deadline,9223372036854775807
input_flag,max_deadline_variance,20
input_flag,max_deadline_variances,[]
input_flag,runtime_variance,0
input_flag,timestamp_difference,-1
input_flag,synchronize_sensors,False
input_flag,release_taskgraphs,True
input_flag,scheduler,TetriSched
input_flag,verify_schedule,False
input_flag,preemption,False
input_flag,retract_schedules,True
input_flag,scheduler_runtime,0
input_flag,scheduler_frequency,-1
input_flag,scheduler_run_at_worker_free,False
input_flag,scheduler_adaptive_discretization,False
input_flag,finer_discretization_at_prev_solution,False
input_flag,finer_discretization_window,5
input_flag,scheduler_max_time_discretization,5
input_flag,scheduler_max_occupancy_threshold,0.8
input_flag,scheduler_delay,0
input_flag,scheduler_lookahead,0
input_flag,scheduler_plan_ahead,-1
input_flag,scheduler_plan_ahead_no_consideration_gap,0
input_flag,scheduler_time_discretization,1
input_flag,scheduler_policy,worst
input_flag,branch_prediction_accuracy,0.5
input_flag,enforce_deadlines,True
input_flag,ilp_goal,max_goodput
input_flag,clockwork_goal,clockwork
input_flag,scheduler_time_limit,-1
input_flag,scheduler_log_to_file,True
input_flag,decompose_deadlines,False
input_flag,scheduler_log_times,[]
input_flag,scheduler_run_load,False
input_flag,scheduler_enable_batching,False
input_flag,scheduler_selective_rescheduling,False
input_flag,scheduler_selective_rescheduling_sample_size,5
input_flag,scheduler_reconsideration_period,0.1
input_flag,opt_passes,['CRITICAL_PATH_PASS', 'CAPACITY_CONSTRAINT_PURGE_PASS', 'DYNAMIC_DISCRETIZATION_PASS']
input_flag,randomize_start_time_min,0
input_flag,randomize_start_time_max,0
input_flag,override_release_policy,fixed
input_flag,override_release_policies,[]
input_flag,override_num_invocation,0
input_flag,override_num_invocations,[]
input_flag,override_poisson_arrival_rate,0.0
input_flag,override_poisson_arrival_rates,[]
input_flag,override_base_arrival_rate,0.0
input_flag,override_gamma_coefficient,0.0
input_flag,override_arrival_period,0
input_flag,override_slo,-1
input_flag,unique_work_profiles,False
input_flag,replication_factor,1
input_flag,?,False
input_flag,help,False
input_flag,helpshort,False
input_flag,helpfull,False
input_flag,helpxml,False
0,WORKER_POOL,WorkerPool_1,ac7fe209-7afb-4def-98fc-ae42cf38f942,Slot_1,190f305c-5c74-4353-a75b-994c6cb26272,3,Slot_2,d12fa78f-d91f-489e-909b-3dde44176805,2
0,WORKER_POOL_UTILIZATION,ac7fe209-7afb-4def-98fc-ae42cf38f942,Slot_1,0,3
0,WORKER_POOL_UTILIZATION,ac7fe209-7afb-4def-98fc-ae42cf38f942,Slot_2,0,2
0,SIMULATOR_START
0,UPDATE_WORKLOAD,1,1
0,TASK_GRAPH_RELEASE,0,6,Example@0,3,6
0,TASK_RELEASE,T1,0,0,0,6,50f31746-9598-4d00-a082-6ce4935d0983,Example@0,3,Slot_1,any,3
0,SCHEDULER_START,3,0
0,WORKER_POOL_UTILIZATION,ac7fe209-7afb-4def-98fc-ae42cf38f942,Slot_1,0,3
0,WORKER_POOL_UTILIZATION,ac7fe209-7afb-4def-98fc-ae42cf38f942,Slot_2,0,2
input_flag,logtostderr,False
input_flag,alsologtostderr,False
input_flag,log_dir,/coc/scratch/epinto6/erdos-scheduling-simulator/sosp25/output/dsched-after-dynamic-discretization
input_flag,v,0
input_flag,verbosity,0
input_flag,logger_levels,{}
input_flag,stderrthreshold,fatal
input_flag,showprefixforinfo,True
input_flag,run_with_pdb,False
input_flag,pdb_post_mortem,False
input_flag,pdb,False
input_flag,run_with_profiling,False
input_flag,profile_file,None
input_flag,use_cprofile_for_profiling,True
input_flag,only_check_args,False
input_flag,execution_mode,json
input_flag,replay_trace,pylot
input_flag,log,dsched-after-dynamic-discretization.log
input_flag,log_file_name,dsched-after-dynamic-discretization.log
input_flag,log_file_mode,write
input_flag,csv,dsched-after-dynamic-discretization.csv
input_flag,csv_file_name,dsched-after-dynamic-discretization.csv
input_flag,log_graphs,False
input_flag,log_level,debug
input_flag,workload_profile_path,./profiles/workload/dsched_sosp_example.yaml
input_flag,workload_profile_paths,[]
input_flag,workload_profile_path_labels,[]
input_flag,worker_profile_path,./profiles/workers/dsched_sosp_example.yaml
input_flag,stats,False
input_flag,dry_run,False
input_flag,slo_ramp_up_clip,0
input_flag,slo_ramp_down_clip,0
input_flag,loop_timeout,9223372036854775807
input_flag,random_seed,7376172960691548255
input_flag,resolve_conditionals_at_submission,False
input_flag,drop_skipped_tasks,True
input_flag,workload_update_interval,-1
input_flag,orchestrated,False
input_flag,min_placement_push_duration,1
input_flag,benchmark_task_runtime,15000
input_flag,benchmark_task_deadline,500000
input_flag,benchmark_num_gpus,2
input_flag,benchmark_num_cpus,10
input_flag,tpch_query_dag_spec,./profiles/workload/tpch/queries.yaml
input_flag,tpch_profile_type,Cloudlab
input_flag,tpch_dataset_size,50
input_flag,tpch_max_executors_per_job,50
input_flag,tpch_min_task_runtime,8
input_flag,tpch_query_partitioning,
input_flag,alibaba_loader_task_cpu_multiplier,1
input_flag,alibaba_loader_task_cpu_divisor,25
input_flag,alibaba_bump_resources_of_low_duration_task,False
input_flag,alibaba_loader_task_cpu_usage_random,False
input_flag,alibaba_loader_task_cpu_usage_min,0
input_flag,alibaba_loader_task_cpu_usage_max,9223372036854775807
input_flag,alibaba_task_duration_multiplier,1.0
input_flag,alibaba_loader_min_critical_path_runtimes,[]
input_flag,alibaba_loader_max_critical_path_runtimes,[]
input_flag,alibaba_enable_heterogeneous_resource_type,False
input_flag,alibaba_dump_filtered_dags,False
input_flag,max,None
input_flag,max_timestamp,None
input_flag,use_end_to_end_deadlines,False
input_flag,use_branch_predicated_deadlines,False
input_flag,min_deadline,0
input_flag,min_deadline_variance,0
input_flag,min_deadline_variances,[]
input_flag,max_deadline,9223372036854775807
input_flag,max_deadline_variance,20
input_flag,max_deadline_variances,[]
input_flag,runtime_variance,0
input_flag,timestamp_difference,-1
input_flag,synchronize_sensors,False
input_flag,release_taskgraphs,True
input_flag,scheduler,TetriSched
input_flag,verify_schedule,False
input_flag,preemption,False
input_flag,retract_schedules,True
input_flag,scheduler_runtime,0
input_flag,scheduler_frequency,-1
input_flag,scheduler_run_at_worker_free,False
input_flag,scheduler_adaptive_discretization,False
input_flag,finer_discretization_at_prev_solution,False
input_flag,finer_discretization_window,5
input_flag,scheduler_max_time_discretization,5
input_flag,scheduler_max_occupancy_threshold,0.8
input_flag,scheduler_delay,0
input_flag,scheduler_lookahead,0
input_flag,scheduler_plan_ahead,-1
input_flag,scheduler_plan_ahead_no_consideration_gap,0
input_flag,scheduler_time_discretization,1
input_flag,scheduler_policy,worst
input_flag,branch_prediction_accuracy,0.5
input_flag,enforce_deadlines,True
input_flag,ilp_goal,max_goodput
input_flag,clockwork_goal,clockwork
input_flag,scheduler_time_limit,-1
input_flag,scheduler_log_to_file,True
input_flag,decompose_deadlines,False
input_flag,scheduler_log_times,[]
input_flag,scheduler_run_load,False
input_flag,scheduler_enable_batching,False
input_flag,scheduler_selective_rescheduling,False
input_flag,scheduler_selective_rescheduling_sample_size,5
input_flag,scheduler_reconsideration_period,0.1
input_flag,opt_passes,['CRITICAL_PATH_PASS', 'CAPACITY_CONSTRAINT_PURGE_PASS', 'DYNAMIC_DISCRETIZATION_PASS']
input_flag,randomize_start_time_min,0
input_flag,randomize_start_time_max,0
input_flag,override_release_policy,fixed
input_flag,override_release_policies,[]
input_flag,override_num_invocation,0
input_flag,override_num_invocations,[]
input_flag,override_poisson_arrival_rate,0.0
input_flag,override_poisson_arrival_rates,[]
input_flag,override_base_arrival_rate,0.0
input_flag,override_gamma_coefficient,0.0
input_flag,override_arrival_period,0
input_flag,override_slo,-1
input_flag,unique_work_profiles,False
input_flag,replication_factor,1
input_flag,?,False
input_flag,help,False
input_flag,helpshort,False
input_flag,helpfull,False
input_flag,helpxml,False
0,WORKER_POOL,WorkerPool_1,ccaf45fa-8b93-4587-9574-aa6066e4a11b,Slot_1,80a53f7f-b61f-4fed-aa4b-387e1c19b1cd,3,Slot_2,007302f3-9452-41d0-9da6-a0c81a73fe06,2
0,WORKER_POOL_UTILIZATION,ccaf45fa-8b93-4587-9574-aa6066e4a11b,Slot_1,0,3
0,WORKER_POOL_UTILIZATION,ccaf45fa-8b93-4587-9574-aa6066e4a11b,Slot_2,0,2
0,SIMULATOR_START
0,UPDATE_WORKLOAD,1,1
0,TASK_GRAPH_RELEASE,0,6,Example@0,3,6
0,TASK_RELEASE,T1,0,0,0,6,fb56a2f3-dc87-4942-90d0-57a238cdc0dc,Example@0,3,Slot_1,any,3
0,SCHEDULER_START,3,0
0,WORKER_POOL_UTILIZATION,ccaf45fa-8b93-4587-9574-aa6066e4a11b,Slot_1,0,3
0,WORKER_POOL_UTILIZATION,ccaf45fa-8b93-4587-9574-aa6066e4a11b,Slot_2,0,2
input_flag,logtostderr,False
input_flag,alsologtostderr,False
input_flag,log_dir,/coc/scratch/epinto6/erdos-scheduling-simulator/sosp25/output/dsched-after-dynamic-discretization
input_flag,v,0
input_flag,verbosity,0
input_flag,logger_levels,{}
input_flag,stderrthreshold,fatal
input_flag,showprefixforinfo,True
input_flag,run_with_pdb,False
input_flag,pdb_post_mortem,False
input_flag,pdb,False
input_flag,run_with_profiling,False
input_flag,profile_file,None
input_flag,use_cprofile_for_profiling,True
input_flag,only_check_args,False
input_flag,execution_mode,json
input_flag,replay_trace,pylot
input_flag,log,dsched-after-dynamic-discretization.log
input_flag,log_file_name,dsched-after-dynamic-discretization.log
input_flag,log_file_mode,write
input_flag,csv,dsched-after-dynamic-discretization.csv
input_flag,csv_file_name,dsched-after-dynamic-discretization.csv
input_flag,log_graphs,False
input_flag,log_level,debug
input_flag,workload_profile_path,./profiles/workload/dsched_sosp_example.yaml
input_flag,workload_profile_paths,[]
input_flag,workload_profile_path_labels,[]
input_flag,worker_profile_path,./profiles/workers/dsched_sosp_example.yaml
input_flag,stats,False
input_flag,dry_run,False
input_flag,slo_ramp_up_clip,0
input_flag,slo_ramp_down_clip,0
input_flag,loop_timeout,9223372036854775807
input_flag,random_seed,866098572685634202
input_flag,resolve_conditionals_at_submission,False
input_flag,drop_skipped_tasks,True
input_flag,workload_update_interval,-1
input_flag,orchestrated,False
input_flag,min_placement_push_duration,1
input_flag,benchmark_task_runtime,15000
input_flag,benchmark_task_deadline,500000
input_flag,benchmark_num_gpus,2
input_flag,benchmark_num_cpus,10
input_flag,tpch_query_dag_spec,./profiles/workload/tpch/queries.yaml
input_flag,tpch_profile_type,Cloudlab
input_flag,tpch_dataset_size,50
input_flag,tpch_max_executors_per_job,50
input_flag,tpch_min_task_runtime,8
input_flag,tpch_query_partitioning,
input_flag,alibaba_loader_task_cpu_multiplier,1
input_flag,alibaba_loader_task_cpu_divisor,25
input_flag,alibaba_bump_resources_of_low_duration_task,False
input_flag,alibaba_loader_task_cpu_usage_random,False
input_flag,alibaba_loader_task_cpu_usage_min,0
input_flag,alibaba_loader_task_cpu_usage_max,9223372036854775807
input_flag,alibaba_task_duration_multiplier,1.0
input_flag,alibaba_loader_min_critical_path_runtimes,[]
input_flag,alibaba_loader_max_critical_path_runtimes,[]
input_flag,alibaba_enable_heterogeneous_resource_type,False
input_flag,alibaba_dump_filtered_dags,False
input_flag,max,None
input_flag,max_timestamp,None
input_flag,use_end_to_end_deadlines,False
input_flag,use_branch_predicated_deadlines,False
input_flag,min_deadline,0
input_flag,min_deadline_variance,0
input_flag,min_deadline_variances,[]
input_flag,max_deadline,9223372036854775807
input_flag,max_deadline_variance,20
input_flag,max_deadline_variances,[]
input_flag,runtime_variance,0
input_flag,timestamp_difference,-1
input_flag,synchronize_sensors,False
input_flag,release_taskgraphs,True
input_flag,scheduler,TetriSched
input_flag,verify_schedule,False
input_flag,preemption,False
input_flag,retract_schedules,True
input_flag,scheduler_runtime,0
input_flag,scheduler_frequency,-1
input_flag,scheduler_run_at_worker_free,False
input_flag,scheduler_adaptive_discretization,False
input_flag,finer_discretization_at_prev_solution,False
input_flag,finer_discretization_window,5
input_flag,scheduler_max_time_discretization,5
input_flag,scheduler_max_occupancy_threshold,0.8
input_flag,scheduler_delay,0
input_flag,scheduler_lookahead,0
input_flag,scheduler_plan_ahead,-1
input_flag,scheduler_plan_ahead_no_consideration_gap,0
input_flag,scheduler_time_discretization,1
input_flag,scheduler_policy,worst
input_flag,branch_prediction_accuracy,0.5
input_flag,enforce_deadlines,True
input_flag,ilp_goal,max_goodput
input_flag,clockwork_goal,clockwork
input_flag,scheduler_time_limit,-1
input_flag,scheduler_log_to_file,True
input_flag,decompose_deadlines,False
input_flag,scheduler_log_times,[]
input_flag,scheduler_run_load,False
input_flag,scheduler_enable_batching,False
input_flag,scheduler_selective_rescheduling,False
input_flag,scheduler_selective_rescheduling_sample_size,5
input_flag,scheduler_reconsideration_period,0.1
input_flag,opt_passes,['CRITICAL_PATH_PASS', 'CAPACITY_CONSTRAINT_PURGE_PASS', 'DYNAMIC_DISCRETIZATION_PASS']
input_flag,randomize_start_time_min,0
input_flag,randomize_start_time_max,0
input_flag,override_release_policy,fixed
input_flag,override_release_policies,[]
input_flag,override_num_invocation,0
input_flag,override_num_invocations,[]
input_flag,override_poisson_arrival_rate,0.0
input_flag,override_poisson_arrival_rates,[]
input_flag,override_base_arrival_rate,0.0
input_flag,override_gamma_coefficient,0.0
input_flag,override_arrival_period,0
input_flag,override_slo,-1
input_flag,unique_work_profiles,False
input_flag,replication_factor,1
input_flag,?,False
input_flag,help,False
input_flag,helpshort,False
input_flag,helpfull,False
input_flag,helpxml,False
0,WORKER_POOL,WorkerPool_1,30b5e0a0-8151-4a43-8015-75084a187f2b,Slot_1,0c0c1fac-a66c-48d9-baef-03884652e7a7,3,Slot_2,9e4cd875-9986-4751-8c92-6d71fbb41f52,2
0,WORKER_POOL_UTILIZATION,30b5e0a0-8151-4a43-8015-75084a187f2b,Slot_1,0,3
0,WORKER_POOL_UTILIZATION,30b5e0a0-8151-4a43-8015-75084a187f2b,Slot_2,0,2
0,SIMULATOR_START
0,UPDATE_WORKLOAD,1,1
0,TASK_GRAPH_RELEASE,0,6,Example@0,3,6
0,TASK_RELEASE,T1,0,0,0,6,1e85508b-5248-4376-b0cb-fd4d838601bd,Example@0,3,Slot_1,any,3
0,SCHEDULER_START,3,0
0,WORKER_POOL_UTILIZATION,30b5e0a0-8151-4a43-8015-75084a187f2b,Slot_1,0,3
0,WORKER_POOL_UTILIZATION,30b5e0a0-8151-4a43-8015-75084a187f2b,Slot_2,0,2
input_flag,logtostderr,False
input_flag,alsologtostderr,False
input_flag,log_dir,/coc/scratch/epinto6/erdos-scheduling-simulator/sosp25/output/dsched-after-dynamic-discretization
input_flag,v,0
input_flag,verbosity,0
input_flag,logger_levels,{}
input_flag,stderrthreshold,fatal
input_flag,showprefixforinfo,True
input_flag,run_with_pdb,False
input_flag,pdb_post_mortem,False
input_flag,pdb,False
input_flag,run_with_profiling,False
input_flag,profile_file,None
input_flag,use_cprofile_for_profiling,True
input_flag,only_check_args,False
input_flag,execution_mode,json
input_flag,replay_trace,pylot
input_flag,log,dsched-after-dynamic-discretization.log
input_flag,log_file_name,dsched-after-dynamic-discretization.log
input_flag,log_file_mode,write
input_flag,csv,dsched-after-dynamic-discretization.csv
input_flag,csv_file_name,dsched-after-dynamic-discretization.csv
input_flag,log_graphs,False
input_flag,log_level,debug
input_flag,workload_profile_path,./profiles/workload/dsched_sosp_example.yaml
input_flag,workload_profile_paths,[]
input_flag,workload_profile_path_labels,[]
input_flag,worker_profile_path,./profiles/workers/dsched_sosp_example.yaml
input_flag,stats,False
input_flag,dry_run,False
input_flag,slo_ramp_up_clip,0
input_flag,slo_ramp_down_clip,0
input_flag,loop_timeout,9223372036854775807
input_flag,random_seed,3536520457208256198
input_flag,resolve_conditionals_at_submission,False
input_flag,drop_skipped_tasks,True
input_flag,workload_update_interval,-1
input_flag,orchestrated,False
input_flag,min_placement_push_duration,1
input_flag,benchmark_task_runtime,15000
input_flag,benchmark_task_deadline,500000
input_flag,benchmark_num_gpus,2
input_flag,benchmark_num_cpus,10
input_flag,tpch_query_dag_spec,./profiles/workload/tpch/queries.yaml
input_flag,tpch_profile_type,Cloudlab
input_flag,tpch_dataset_size,50
input_flag,tpch_max_executors_per_job,50
input_flag,tpch_min_task_runtime,8
input_flag,tpch_query_partitioning,
input_flag,alibaba_loader_task_cpu_multiplier,1
input_flag,alibaba_loader_task_cpu_divisor,25
input_flag,alibaba_bump_resources_of_low_duration_task,False
input_flag,alibaba_loader_task_cpu_usage_random,False
input_flag,alibaba_loader_task_cpu_usage_min,0
input_flag,alibaba_loader_task_cpu_usage_max,9223372036854775807
input_flag,alibaba_task_duration_multiplier,1.0
input_flag,alibaba_loader_min_critical_path_runtimes,[]
input_flag,alibaba_loader_max_critical_path_runtimes,[]
input_flag,alibaba_enable_heterogeneous_resource_type,False
input_flag,alibaba_dump_filtered_dags,False
input_flag,max,None
input_flag,max_timestamp,None
input_flag,use_end_to_end_deadlines,False
input_flag,use_branch_predicated_deadlines,False
input_flag,min_deadline,0
input_flag,min_deadline_variance,0
input_flag,min_deadline_variances,[]
input_flag,max_deadline,9223372036854775807
input_flag,max_deadline_variance,20
input_flag,max_deadline_variances,[]
input_flag,runtime_variance,0
input_flag,timestamp_difference,-1
input_flag,synchronize_sensors,False
input_flag,release_taskgraphs,True
input_flag,scheduler,TetriSched
input_flag,verify_schedule,False
input_flag,preemption,False
input_flag,retract_schedules,True
input_flag,scheduler_runtime,0
input_flag,scheduler_frequency,-1
input_flag,scheduler_run_at_worker_free,False
input_flag,scheduler_adaptive_discretization,False
input_flag,finer_discretization_at_prev_solution,False
input_flag,finer_discretization_window,5
input_flag,scheduler_max_time_discretization,5
input_flag,scheduler_max_occupancy_threshold,0.8
input_flag,scheduler_delay,0
input_flag,scheduler_lookahead,0
input_flag,scheduler_plan_ahead,-1
input_flag,scheduler_plan_ahead_no_consideration_gap,0
input_flag,scheduler_time_discretization,1
input_flag,scheduler_policy,worst
input_flag,branch_prediction_accuracy,0.5
input_flag,enforce_deadlines,True
input_flag,ilp_goal,max_goodput
input_flag,clockwork_goal,clockwork
input_flag,scheduler_time_limit,-1
input_flag,scheduler_log_to_file,True
input_flag,decompose_deadlines,False
input_flag,scheduler_log_times,[]
input_flag,scheduler_run_load,False
input_flag,scheduler_enable_batching,False
input_flag,scheduler_selective_rescheduling,False
input_flag,scheduler_selective_rescheduling_sample_size,5
input_flag,scheduler_reconsideration_period,0.1
input_flag,opt_passes,['CRITICAL_PATH_PASS', 'CAPACITY_CONSTRAINT_PURGE_PASS', 'DYNAMIC_DISCRETIZATION_PASS']
input_flag,randomize_start_time_min,0
input_flag,randomize_start_time_max,0
input_flag,override_release_policy,fixed
input_flag,override_release_policies,[]
input_flag,override_num_invocation,0
input_flag,override_num_invocations,[]
input_flag,override_poisson_arrival_rate,0.0
input_flag,override_poisson_arrival_rates,[]
input_flag,override_base_arrival_rate,0.0
input_flag,override_gamma_coefficient,0.0
input_flag,override_arrival_period,0
input_flag,override_slo,-1
input_flag,unique_work_profiles,False
input_flag,replication_factor,1
input_flag,?,False
input_flag,help,False
input_flag,helpshort,False
input_flag,helpfull,False
input_flag,helpxml,False
0,WORKER_POOL,WorkerPool_1,ebc9225f-8426-453b-99c3-98a9dc9f0c2a,Slot_1,b617114a-ba38-4fa3-99bf-ce6d330c6866,3,Slot_2,5f734641-8dbe-4ac9-a957-7ba8466dc837,2
0,WORKER_POOL_UTILIZATION,ebc9225f-8426-453b-99c3-98a9dc9f0c2a,Slot_1,0,3
0,WORKER_POOL_UTILIZATION,ebc9225f-8426-453b-99c3-98a9dc9f0c2a,Slot_2,0,2
0,SIMULATOR_START
0,UPDATE_WORKLOAD,1,1
0,TASK_GRAPH_RELEASE,0,6,Example@0,3,6
0,TASK_RELEASE,T1,0,0,0,6,caf82c0e-0433-46bc-a811-c92c6c21f4ca,Example@0,3,Slot_1,any,3
0,SCHEDULER_START,3,0
0,WORKER_POOL_UTILIZATION,ebc9225f-8426-453b-99c3-98a9dc9f0c2a,Slot_1,0,3
0,WORKER_POOL_UTILIZATION,ebc9225f-8426-453b-99c3-98a9dc9f0c2a,Slot_2,0,2
input_flag,logtostderr,False
input_flag,alsologtostderr,False
input_flag,log_dir,/coc/scratch/epinto6/erdos-scheduling-simulator/sosp25/output/dsched-after-dynamic-discretization
input_flag,v,0
input_flag,verbosity,0
input_flag,logger_levels,{}
input_flag,stderrthreshold,fatal
input_flag,showprefixforinfo,True
input_flag,run_with_pdb,False
input_flag,pdb_post_mortem,False
input_flag,pdb,False
input_flag,run_with_profiling,False
input_flag,profile_file,None
input_flag,use_cprofile_for_profiling,True
input_flag,only_check_args,False
input_flag,execution_mode,json
input_flag,replay_trace,pylot
input_flag,log,dsched-after-dynamic-discretization.log
input_flag,log_file_name,dsched-after-dynamic-discretization.log
input_flag,log_file_mode,write
input_flag,csv,dsched-after-dynamic-discretization.csv
input_flag,csv_file_name,dsched-after-dynamic-discretization.csv
input_flag,log_graphs,False
input_flag,log_level,debug
input_flag,workload_profile_path,./profiles/workload/dsched_sosp_example.yaml
input_flag,workload_profile_paths,[]
input_flag,workload_profile_path_labels,[]
input_flag,worker_profile_path,./profiles/workers/dsched_sosp_example.yaml
input_flag,stats,False
input_flag,dry_run,False
input_flag,slo_ramp_up_clip,0
input_flag,slo_ramp_down_clip,0
input_flag,loop_timeout,9223372036854775807
input_flag,random_seed,3257222565370821172
input_flag,resolve_conditionals_at_submission,False
input_flag,drop_skipped_tasks,True
input_flag,workload_update_interval,-1
input_flag,orchestrated,False
input_flag,min_placement_push_duration,1
input_flag,benchmark_task_runtime,15000
input_flag,benchmark_task_deadline,500000
input_flag,benchmark_num_gpus,2
input_flag,benchmark_num_cpus,10
input_flag,tpch_query_dag_spec,./profiles/workload/tpch/queries.yaml
input_flag,tpch_profile_type,Cloudlab
input_flag,tpch_dataset_size,50
input_flag,tpch_max_executors_per_job,50
input_flag,tpch_min_task_runtime,8
input_flag,tpch_query_partitioning,
input_flag,alibaba_loader_task_cpu_multiplier,1
input_flag,alibaba_loader_task_cpu_divisor,25
input_flag,alibaba_bump_resources_of_low_duration_task,False
input_flag,alibaba_loader_task_cpu_usage_random,False
input_flag,alibaba_loader_task_cpu_usage_min,0
input_flag,alibaba_loader_task_cpu_usage_max,9223372036854775807
input_flag,alibaba_task_duration_multiplier,1.0
input_flag,alibaba_loader_min_critical_path_runtimes,[]
input_flag,alibaba_loader_max_critical_path_runtimes,[]
input_flag,alibaba_enable_heterogeneous_resource_type,False
input_flag,alibaba_dump_filtered_dags,False
input_flag,max,None
input_flag,max_timestamp,None
input_flag,use_end_to_end_deadlines,False
input_flag,use_branch_predicated_deadlines,False
input_flag,min_deadline,0
input_flag,min_deadline_variance,0
input_flag,min_deadline_variances,[]
input_flag,max_deadline,9223372036854775807
input_flag,max_deadline_variance,20
input_flag,max_deadline_variances,[]
input_flag,runtime_variance,0
input_flag,timestamp_difference,-1
input_flag,synchronize_sensors,False
input_flag,release_taskgraphs,True
input_flag,scheduler,TetriSched
input_flag,verify_schedule,False
input_flag,preemption,False
input_flag,retract_schedules,True
input_flag,scheduler_runtime,0
input_flag,scheduler_frequency,-1
input_flag,scheduler_run_at_worker_free,False
input_flag,scheduler_adaptive_discretization,False
input_flag,finer_discretization_at_prev_solution,False
input_flag,finer_discretization_window,5
input_flag,scheduler_max_time_discretization,5
input_flag,scheduler_max_occupancy_threshold,0.8
input_flag,scheduler_delay,0
input_flag,scheduler_lookahead,0
input_flag,scheduler_plan_ahead,-1
input_flag,scheduler_plan_ahead_no_consideration_gap,0
input_flag,scheduler_time_discretization,1
input_flag,scheduler_policy,worst
input_flag,branch_prediction_accuracy,0.5
input_flag,enforce_deadlines,True
input_flag,ilp_goal,max_goodput
input_flag,clockwork_goal,clockwork
input_flag,scheduler_time_limit,-1
input_flag,scheduler_log_to_file,True
input_flag,decompose_deadlines,False
input_flag,scheduler_log_times,[]
input_flag,scheduler_run_load,False
input_flag,scheduler_enable_batching,False
input_flag,scheduler_selective_rescheduling,False
input_flag,scheduler_selective_rescheduling_sample_size,5
input_flag,scheduler_reconsideration_period,0.1
input_flag,opt_passes,['CRITICAL_PATH_PASS', 'CAPACITY_CONSTRAINT_PURGE_PASS', 'DYNAMIC_DISCRETIZATION_PASS']
input_flag,randomize_start_time_min,0
input_flag,randomize_start_time_max,0
input_flag,override_release_policy,fixed
input_flag,override_release_policies,[]
input_flag,override_num_invocation,0
input_flag,override_num_invocations,[]
input_flag,override_poisson_arrival_rate,0.0
input_flag,override_poisson_arrival_rates,[]
input_flag,override_base_arrival_rate,0.0
input_flag,override_gamma_coefficient,0.0
input_flag,override_arrival_period,0
input_flag,override_slo,-1
input_flag,unique_work_profiles,False
input_flag,replication_factor,1
input_flag,?,False
input_flag,help,False
input_flag,helpshort,False
input_flag,helpfull,False
input_flag,helpxml,False
0,WORKER_POOL,WorkerPool_1,eb541a8b-341f-4679-9fe8-a54a166a70f3,Slot_1,7eee23a7-ab19-4c0d-95a7-f9b46652ecb3,3,Slot_2,8037ffd2-c0fc-4199-a1c0-5d75d5513eb2,2
0,WORKER_POOL_UTILIZATION,eb541a8b-341f-4679-9fe8-a54a166a70f3,Slot_1,0,3
0,WORKER_POOL_UTILIZATION,eb541a8b-341f-4679-9fe8-a54a166a70f3,Slot_2,0,2
0,SIMULATOR_START
0,UPDATE_WORKLOAD,1,1
0,TASK_GRAPH_RELEASE,0,6,Example@0,3,6
0,TASK_RELEASE,T1,0,0,0,6,fe4ecc6b-3cba-492a-be79-e83b12b7ea64,Example@0,3,Slot_1,any,3
0,SCHEDULER_START,3,0
0,WORKER_POOL_UTILIZATION,eb541a8b-341f-4679-9fe8-a54a166a70f3,Slot_1,0,3
0,WORKER_POOL_UTILIZATION,eb541a8b-341f-4679-9fe8-a54a166a70f3,Slot_2,0,2
input_flag,logtostderr,False
input_flag,alsologtostderr,False
input_flag,log_dir,/coc/scratch/epinto6/erdos-scheduling-simulator/sosp25/output/dsched-after-dynamic-discretization
input_flag,v,0
input_flag,verbosity,0
input_flag,logger_levels,{}
input_flag,stderrthreshold,fatal
input_flag,showprefixforinfo,True
input_flag,run_with_pdb,False
input_flag,pdb_post_mortem,False
input_flag,pdb,False
input_flag,run_with_profiling,False
input_flag,profile_file,None
input_flag,use_cprofile_for_profiling,True
input_flag,only_check_args,False
input_flag,execution_mode,json
input_flag,replay_trace,pylot
input_flag,log,dsched-after-dynamic-discretization.log
input_flag,log_file_name,dsched-after-dynamic-discretization.log
input_flag,log_file_mode,write
input_flag,csv,dsched-after-dynamic-discretization.csv
input_flag,csv_file_name,dsched-after-dynamic-discretization.csv
input_flag,log_graphs,False
input_flag,log_level,debug
input_flag,workload_profile_path,./profiles/workload/dsched_sosp_example.yaml
input_flag,workload_profile_paths,[]
input_flag,workload_profile_path_labels,[]
input_flag,worker_profile_path,./profiles/workers/dsched_sosp_example.yaml
input_flag,stats,False
input_flag,dry_run,False
input_flag,slo_ramp_up_clip,0
input_flag,slo_ramp_down_clip,0
input_flag,loop_timeout,9223372036854775807
input_flag,random_seed,4279104760996013757
input_flag,resolve_conditionals_at_submission,False
input_flag,drop_skipped_tasks,True
input_flag,workload_update_interval,-1
input_flag,orchestrated,False
input_flag,min_placement_push_duration,1
input_flag,benchmark_task_runtime,15000
input_flag,benchmark_task_deadline,500000
input_flag,benchmark_num_gpus,2
input_flag,benchmark_num_cpus,10
input_flag,tpch_query_dag_spec,./profiles/workload/tpch/queries.yaml
input_flag,tpch_profile_type,Cloudlab
input_flag,tpch_dataset_size,50
input_flag,tpch_max_executors_per_job,50
input_flag,tpch_min_task_runtime,8
input_flag,tpch_query_partitioning,
input_flag,alibaba_loader_task_cpu_multiplier,1
input_flag,alibaba_loader_task_cpu_divisor,25
input_flag,alibaba_bump_resources_of_low_duration_task,False
input_flag,alibaba_loader_task_cpu_usage_random,False
input_flag,alibaba_loader_task_cpu_usage_min,0
input_flag,alibaba_loader_task_cpu_usage_max,9223372036854775807
input_flag,alibaba_task_duration_multiplier,1.0
input_flag,alibaba_loader_min_critical_path_runtimes,[]
input_flag,alibaba_loader_max_critical_path_runtimes,[]
input_flag,alibaba_enable_heterogeneous_resource_type,False
input_flag,alibaba_dump_filtered_dags,False
input_flag,max,None
input_flag,max_timestamp,None
input_flag,use_end_to_end_deadlines,False
input_flag,use_branch_predicated_deadlines,False
input_flag,min_deadline,0
input_flag,min_deadline_variance,0
input_flag,min_deadline_variances,[]
input_flag,max_deadline,9223372036854775807
input_flag,max_deadline_variance,20
input_flag,max_deadline_variances,[]
input_flag,runtime_variance,0
input_flag,timestamp_difference,-1
input_flag,synchronize_sensors,False
input_flag,release_taskgraphs,True
input_flag,scheduler,TetriSched
input_flag,verify_schedule,False
input_flag,preemption,False
input_flag,retract_schedules,True
input_flag,scheduler_runtime,0
input_flag,scheduler_frequency,-1
input_flag,scheduler_run_at_worker_free,False
input_flag,scheduler_adaptive_discretization,False
input_flag,finer_discretization_at_prev_solution,True
input_flag,finer_discretization_window,5
input_flag,scheduler_max_time_discretization,5
input_flag,scheduler_max_occupancy_threshold,0.999
input_flag,scheduler_delay,0
input_flag,scheduler_lookahead,0
input_flag,scheduler_plan_ahead,-1
input_flag,scheduler_plan_ahead_no_consideration_gap,2
input_flag,scheduler_time_discretization,1
input_flag,scheduler_policy,worst
input_flag,branch_prediction_accuracy,0.5
input_flag,enforce_deadlines,True
input_flag,ilp_goal,max_goodput
input_flag,clockwork_goal,clockwork
input_flag,scheduler_time_limit,-1
input_flag,scheduler_log_to_file,True
input_flag,decompose_deadlines,False
input_flag,scheduler_log_times,[]
input_flag,scheduler_run_load,False
input_flag,scheduler_enable_batching,False
input_flag,scheduler_selective_rescheduling,True
input_flag,scheduler_selective_rescheduling_sample_size,5
input_flag,scheduler_reconsideration_period,0.9
input_flag,opt_passes,['CRITICAL_PATH_PASS', 'CAPACITY_CONSTRAINT_PURGE_PASS', 'DYNAMIC_DISCRETIZATION_PASS']
input_flag,randomize_start_time_min,0
input_flag,randomize_start_time_max,0
input_flag,override_release_policy,fixed
input_flag,override_release_policies,[]
input_flag,override_num_invocation,0
input_flag,override_num_invocations,[]
input_flag,override_poisson_arrival_rate,0.0
input_flag,override_poisson_arrival_rates,[]
input_flag,override_base_arrival_rate,0.0
input_flag,override_gamma_coefficient,0.0
input_flag,override_arrival_period,0
input_flag,override_slo,-1
input_flag,unique_work_profiles,False
input_flag,replication_factor,1
input_flag,?,False
input_flag,help,False
input_flag,helpshort,False
input_flag,helpfull,False
input_flag,helpxml,False
0,WORKER_POOL,WorkerPool_1,75e229ca-54f2-4cfe-b3f3-f87524254858,Slot_1,67b2133c-d617-438a-92c3-f7ab9047365d,3,Slot_2,a65d831b-deb2-4971-9948-4673e6cb2b79,2
0,WORKER_POOL_UTILIZATION,75e229ca-54f2-4cfe-b3f3-f87524254858,Slot_1,0,3
0,WORKER_POOL_UTILIZATION,75e229ca-54f2-4cfe-b3f3-f87524254858,Slot_2,0,2
0,SIMULATOR_START
0,UPDATE_WORKLOAD,1,1
0,TASK_GRAPH_RELEASE,0,6,Example@0,3,6
0,TASK_RELEASE,T1,0,0,0,6,865312bc-6de9-4915-aa6c-751338f32848,Example@0,3,Slot_1,any,3
0,SCHEDULER_START,3,0
0,WORKER_POOL_UTILIZATION,75e229ca-54f2-4cfe-b3f3-f87524254858,Slot_1,0,3
0,WORKER_POOL_UTILIZATION,75e229ca-54f2-4cfe-b3f3-f87524254858,Slot_2,0,2
input_flag,logtostderr,False
input_flag,alsologtostderr,False
input_flag,log_dir,/coc/scratch/epinto6/erdos-scheduling-simulator/sosp25/output/dsched-after-dynamic-discretization
input_flag,v,0
input_flag,verbosity,0
input_flag,logger_levels,{}
input_flag,stderrthreshold,fatal
input_flag,showprefixforinfo,True
input_flag,run_with_pdb,False
input_flag,pdb_post_mortem,False
input_flag,pdb,False
input_flag,run_with_profiling,False
input_flag,profile_file,None
input_flag,use_cprofile_for_profiling,True
input_flag,only_check_args,False
input_flag,execution_mode,json
input_flag,replay_trace,pylot
input_flag,log,dsched-after-dynamic-discretization.log
input_flag,log_file_name,dsched-after-dynamic-discretization.log
input_flag,log_file_mode,write
input_flag,csv,dsched-after-dynamic-discretization.csv
input_flag,csv_file_name,dsched-after-dynamic-discretization.csv
input_flag,log_graphs,False
input_flag,log_level,debug
input_flag,workload_profile_path,./profiles/workload/dsched_sosp_example.yaml
input_flag,workload_profile_paths,[]
input_flag,workload_profile_path_labels,[]
input_flag,worker_profile_path,./profiles/workers/dsched_sosp_example.yaml
input_flag,stats,False
input_flag,dry_run,False
input_flag,slo_ramp_up_clip,0
input_flag,slo_ramp_down_clip,0
input_flag,loop_timeout,9223372036854775807
input_flag,random_seed,1174912204350961590
input_flag,resolve_conditionals_at_submission,False
input_flag,drop_skipped_tasks,True
input_flag,workload_update_interval,-1
input_flag,orchestrated,False
input_flag,min_placement_push_duration,1
input_flag,benchmark_task_runtime,15000
input_flag,benchmark_task_deadline,500000
input_flag,benchmark_num_gpus,2
input_flag,benchmark_num_cpus,10
input_flag,tpch_query_dag_spec,./profiles/workload/tpch/queries.yaml
input_flag,tpch_profile_type,Cloudlab
input_flag,tpch_dataset_size,50
input_flag,tpch_max_executors_per_job,50
input_flag,tpch_min_task_runtime,8
input_flag,tpch_query_partitioning,
input_flag,alibaba_loader_task_cpu_multiplier,1
input_flag,alibaba_loader_task_cpu_divisor,25
input_flag,alibaba_bump_resources_of_low_duration_task,False
input_flag,alibaba_loader_task_cpu_usage_random,False
input_flag,alibaba_loader_task_cpu_usage_min,0
input_flag,alibaba_loader_task_cpu_usage_max,9223372036854775807
input_flag,alibaba_task_duration_multiplier,1.0
input_flag,alibaba_loader_min_critical_path_runtimes,[]
input_flag,alibaba_loader_max_critical_path_runtimes,[]
input_flag,alibaba_enable_heterogeneous_resource_type,False
input_flag,alibaba_dump_filtered_dags,False
input_flag,max,None
input_flag,max_timestamp,None
input_flag,use_end_to_end_deadlines,False
input_flag,use_branch_predicated_deadlines,False
input_flag,min_deadline,0
input_flag,min_deadline_variance,0
input_flag,min_deadline_variances,[]
input_flag,max_deadline,9223372036854775807
input_flag,max_deadline_variance,20
input_flag,max_deadline_variances,[]
input_flag,runtime_variance,0
input_flag,timestamp_difference,-1
input_flag,synchronize_sensors,False
input_flag,release_taskgraphs,True
input_flag,scheduler,TetriSched
input_flag,verify_schedule,False
input_flag,preemption,False
input_flag,retract_schedules,True
input_flag,scheduler_runtime,0
input_flag,scheduler_frequency,-1
input_flag,scheduler_run_at_worker_free,False
input_flag,scheduler_adaptive_discretization,False
input_flag,finer_discretization_at_prev_solution,False
input_flag,finer_discretization_window,5
input_flag,scheduler_max_time_discretization,5
input_flag,scheduler_max_occupancy_threshold,0.8
input_flag,scheduler_delay,0
input_flag,scheduler_lookahead,0
input_flag,scheduler_plan_ahead,-1
input_flag,scheduler_plan_ahead_no_consideration_gap,0
input_flag,scheduler_time_discretization,1
input_flag,scheduler_policy,worst
input_flag,branch_prediction_accuracy,0.5
input_flag,enforce_deadlines,True
input_flag,ilp_goal,max_goodput
input_flag,clockwork_goal,clockwork
input_flag,scheduler_time_limit,-1
input_flag,scheduler_log_to_file,True
input_flag,decompose_deadlines,False
input_flag,scheduler_log_times,[]
input_flag,scheduler_run_load,False
input_flag,scheduler_enable_batching,False
input_flag,scheduler_selective_rescheduling,False
input_flag,scheduler_selective_rescheduling_sample_size,5
input_flag,scheduler_reconsideration_period,0.1
input_flag,opt_passes,['CRITICAL_PATH_PASS', 'CAPACITY_CONSTRAINT_PURGE_PASS', 'DYNAMIC_DISCRETIZATION_PASS']
input_flag,randomize_start_time_min,0
input_flag,randomize_start_time_max,0
input_flag,override_release_policy,fixed
input_flag,override_release_policies,[]
input_flag,override_num_invocation,0
input_flag,override_num_invocations,[]
input_flag,override_poisson_arrival_rate,0.0
input_flag,override_poisson_arrival_rates,[]
input_flag,override_base_arrival_rate,0.0
input_flag,override_gamma_coefficient,0.0
input_flag,override_arrival_period,0
input_flag,override_slo,-1
input_flag,unique_work_profiles,False
input_flag,replication_factor,1
input_flag,?,False
input_flag,help,False
input_flag,helpshort,False
input_flag,helpfull,False
input_flag,helpxml,False
0,WORKER_POOL,WorkerPool_1,03263d83-1eaa-4663-a68e-b38030a0e5e9,Slot_1,d0431060-2f70-4579-9f2c-47cb86486d16,3,Slot_2,080b55f7-6f97-48f9-afca-45ba8254073d,2
0,WORKER_POOL_UTILIZATION,03263d83-1eaa-4663-a68e-b38030a0e5e9,Slot_1,0,3
0,WORKER_POOL_UTILIZATION,03263d83-1eaa-4663-a68e-b38030a0e5e9,Slot_2,0,2
0,SIMULATOR_START
0,UPDATE_WORKLOAD,1,1
0,TASK_GRAPH_RELEASE,0,6,Example@0,3,6
0,TASK_RELEASE,T1,0,0,0,6,b7f97916-e786-42c7-85c7-5a54845d9d0e,Example@0,3,Slot_1,any,3
0,SCHEDULER_START,3,0
0,WORKER_POOL_UTILIZATION,03263d83-1eaa-4663-a68e-b38030a0e5e9,Slot_1,0,3
0,WORKER_POOL_UTILIZATION,03263d83-1eaa-4663-a68e-b38030a0e5e9,Slot_2,0,2
input_flag,logtostderr,False
input_flag,alsologtostderr,False
input_flag,log_dir,/coc/scratch/epinto6/erdos-scheduling-simulator/sosp25/output/dsched-after-dynamic-discretization
input_flag,v,0
input_flag,verbosity,0
input_flag,logger_levels,{}
input_flag,stderrthreshold,fatal
input_flag,showprefixforinfo,True
input_flag,run_with_pdb,False
input_flag,pdb_post_mortem,False
input_flag,pdb,False
input_flag,run_with_profiling,False
input_flag,profile_file,None
input_flag,use_cprofile_for_profiling,True
input_flag,only_check_args,False
input_flag,execution_mode,json
input_flag,replay_trace,pylot
input_flag,log,dsched-after-dynamic-discretization.log
input_flag,log_file_name,dsched-after-dynamic-discretization.log
input_flag,log_file_mode,write
input_flag,csv,dsched-after-dynamic-discretization.csv
input_flag,csv_file_name,dsched-after-dynamic-discretization.csv
input_flag,log_graphs,False
input_flag,log_level,debug
input_flag,workload_profile_path,./profiles/workload/dsched_sosp_example.yaml
input_flag,workload_profile_paths,[]
input_flag,workload_profile_path_labels,[]
input_flag,worker_profile_path,./profiles/workers/dsched_sosp_example.yaml
input_flag,stats,False
input_flag,dry_run,False
input_flag,slo_ramp_up_clip,0
input_flag,slo_ramp_down_clip,0
input_flag,loop_timeout,9223372036854775807
input_flag,random_seed,724781809044967868
input_flag,resolve_conditionals_at_submission,False
input_flag,drop_skipped_tasks,True
input_flag,workload_update_interval,-1
input_flag,orchestrated,False
input_flag,min_placement_push_duration,1
input_flag,benchmark_task_runtime,15000
input_flag,benchmark_task_deadline,500000
input_flag,benchmark_num_gpus,2
input_flag,benchmark_num_cpus,10
input_flag,tpch_query_dag_spec,./profiles/workload/tpch/queries.yaml
input_flag,tpch_profile_type,Cloudlab
input_flag,tpch_dataset_size,50
input_flag,tpch_max_executors_per_job,50
input_flag,tpch_min_task_runtime,8
input_flag,tpch_query_partitioning,
input_flag,alibaba_loader_task_cpu_multiplier,1
input_flag,alibaba_loader_task_cpu_divisor,25
input_flag,alibaba_bump_resources_of_low_duration_task,False
input_flag,alibaba_loader_task_cpu_usage_random,False
input_flag,alibaba_loader_task_cpu_usage_min,0
input_flag,alibaba_loader_task_cpu_usage_max,9223372036854775807
input_flag,alibaba_task_duration_multiplier,1.0
input_flag,alibaba_loader_min_critical_path_runtimes,[]
input_flag,alibaba_loader_max_critical_path_runtimes,[]
input_flag,alibaba_enable_heterogeneous_resource_type,False
input_flag,alibaba_dump_filtered_dags,False
input_flag,max,None
input_flag,max_timestamp,None
input_flag,use_end_to_end_deadlines,False
input_flag,use_branch_predicated_deadlines,False
input_flag,min_deadline,0
input_flag,min_deadline_variance,0
input_flag,min_deadline_variances,[]
input_flag,max_deadline,9223372036854775807
input_flag,max_deadline_variance,20
input_flag,max_deadline_variances,[]
input_flag,runtime_variance,0
input_flag,timestamp_difference,-1
input_flag,synchronize_sensors,False
input_flag,release_taskgraphs,True
input_flag,scheduler,TetriSched
input_flag,verify_schedule,False
input_flag,preemption,False
input_flag,retract_schedules,True
input_flag,scheduler_runtime,0
input_flag,scheduler_frequency,-1
input_flag,scheduler_run_at_worker_free,False
input_flag,scheduler_adaptive_discretization,False
input_flag,finer_discretization_at_prev_solution,False
input_flag,finer_discretization_window,5
input_flag,scheduler_max_time_discretization,5
input_flag,scheduler_max_occupancy_threshold,0.8
input_flag,scheduler_delay,0
input_flag,scheduler_lookahead,0
input_flag,scheduler_plan_ahead,-1
input_flag,scheduler_plan_ahead_no_consideration_gap,0
input_flag,scheduler_time_discretization,1
input_flag,scheduler_policy,worst
input_flag,branch_prediction_accuracy,0.5
input_flag,enforce_deadlines,True
input_flag,ilp_goal,max_goodput
input_flag,clockwork_goal,clockwork
input_flag,scheduler_time_limit,-1
input_flag,scheduler_log_to_file,True
input_flag,decompose_deadlines,False
input_flag,scheduler_log_times,[]
input_flag,scheduler_run_load,False
input_flag,scheduler_enable_batching,False
input_flag,scheduler_selective_rescheduling,False
input_flag,scheduler_selective_rescheduling_sample_size,5
input_flag,scheduler_reconsideration_period,0.1
input_flag,opt_passes,['CRITICAL_PATH_PASS', 'CAPACITY_CONSTRAINT_PURGE_PASS', 'DYNAMIC_DISCRETIZATION_PASS']
input_flag,randomize_start_time_min,0
input_flag,randomize_start_time_max,0
input_flag,override_release_policy,fixed
input_flag,override_release_policies,[]
input_flag,override_num_invocation,0
input_flag,override_num_invocations,[]
input_flag,override_poisson_arrival_rate,0.0
input_flag,override_poisson_arrival_rates,[]
input_flag,override_base_arrival_rate,0.0
input_flag,override_gamma_coefficient,0.0
input_flag,override_arrival_period,0
input_flag,override_slo,-1
input_flag,unique_work_profiles,False
input_flag,replication_factor,1
input_flag,?,False
input_flag,help,False
input_flag,helpshort,False
input_flag,helpfull,False
input_flag,helpxml,False
0,WORKER_POOL,WorkerPool_1,47b7f3b9-162c-4efb-b843-02db6ce08ba6,Slot_1,8cf87f3c-337e-4e58-a74a-61d4dffb7cc1,3,Slot_2,f4ea9266-3035-4acc-9fdc-04d4d2d270b8,2
0,WORKER_POOL_UTILIZATION,47b7f3b9-162c-4efb-b843-02db6ce08ba6,Slot_1,0,3
0,WORKER_POOL_UTILIZATION,47b7f3b9-162c-4efb-b843-02db6ce08ba6,Slot_2,0,2
0,SIMULATOR_START
0,UPDATE_WORKLOAD,1,1
0,TASK_GRAPH_RELEASE,0,6,Example@0,3,6
0,TASK_RELEASE,T1,0,0,0,6,8daf6df3-e9a3-4eef-8ba4-622afde72a3e,Example@0,3,Slot_1,any,3
0,SCHEDULER_START,3,0
0,WORKER_POOL_UTILIZATION,47b7f3b9-162c-4efb-b843-02db6ce08ba6,Slot_1,0,3
0,WORKER_POOL_UTILIZATION,47b7f3b9-162c-4efb-b843-02db6ce08ba6,Slot_2,0,2
